請求コード,傷病名名称,`
4251008,閉塞性肥大型心筋症,
4254018,非閉塞性肥大型心筋症,
8846101,拡張相肥大型心筋症,
8846150,心尖部肥大型心筋症,
8844914,頻脈性不整脈,
4260005,第３度房室ブロック,
4261009,第２度房室ブロック,
8835363,術後房室ブロック,
8842458,ウェンケバッハ型第２度房室ブロック,
8842540,モビッツ２型第２度房室ブロック,
8846942,発作性心房細動,
8847814,非弁膜症性発作性心房細動,
8835435,上室頻拍,
8842206,発作性上室頻拍,
4266003,三枝ブロック,
4274001,一過性心室細動,
4274004,心室細動,
8847804,トルサードドポアント,
8845142,非持続性心室頻拍,
8847767,持続性心室頻拍,
7100011,全身性エリテマトーデス,
8836513,全身性エリテマトーデス性呼吸器障害,
8836514,全身性エリテマトーデス精神病,
8836515,全身性エリテマトーデス性心膜炎,
8836516,全身性エリテマトーデス性脳動脈炎,
8836518,全身性エリテマトーデス脊髄炎,
8836519,全身性エリテマトーデス脳炎,
8836520,全身性エリテマトーデス脳脊髄炎,
8841438,全身性エリテマトーデス性ミオパチー,
8846167,ステロイド抵抗性全身性エリテマトーデス,
8848278,全身性エリテマトーデス性間質性肺炎,
4462001,グッドパスチャー症候群,
2830003,自己免疫性溶血性貧血,
8831012,温式自己免疫性溶血性貧血,
8839277,非自己免疫性溶血性貧血,
8840707,薬剤性自己免疫性溶血性貧血,
2420002,バセドウ病,
2420003,バセドウ病術後再発,
8841333,バセドウ病眼症,
2840007,先天性再生不良性貧血,
2849003,再生不良性貧血,
8831483,肝炎後再生不良性貧血,
8836888,体質性再生不良性貧血,
8838181,特発性再生不良性貧血,
8838399,二次性再生不良性貧血,
8840110,本態性再生不良性貧血,
8840706,薬剤性再生不良性貧血,
8846120,軽症再生不良性貧血,
8846136,最重症再生不良性貧血,
8846160,重症再生不良性貧血,
8846189,中等症再生不良性貧血,
3409005,多発性硬化症,
8832406,急性多発性硬化症,
8835995,脊髄多発性硬化症,
8838689,脳幹多発性硬化症,
8840486,無症候性多発性硬化症,
7478017,脳動静脈奇形,
7478022,硬膜脳動静脈奇形,
8847895,脳動静脈奇形破裂,
4373003,前交通動脈瘤,
4373005,多発性脳動脈瘤,
4373007,中大脳動脈瘤,
4373012,脳底動脈瘤,
4373014,脳動静脈瘻,
4373015,脳動脈瘤,
4373020,後大脳動脈瘤,
4373028,紡錘状脳動脈瘤,
4378007,内頚動脈海綿静脈洞瘻,
4428003,椎骨動脈瘤,
8830739,ウィリス動脈環動脈瘤,
8833591,後天性脳動静脈瘻,
8838721,のう状脳動脈瘤,
8842858,未破裂脳動脈瘤,
8842952,前大脳動脈瘤,
8843057,硬膜動静脈瘻,
8843753,内頚動脈脳動脈瘤,
8844427,後下小脳動脈瘤,
8844432,後交通動脈瘤,
8844485,上小脳動脈瘤,
8844502,前下小脳動脈瘤,
8844561,内頚動脈後交通動脈分岐部動脈瘤,
8846034,内頚動脈眼動脈分岐部動脈瘤,
9009002,偽性脳動脈瘤,
8842565,急性発症の血管性認知症,
8842571,血管性認知症,
8848380,高安動脈炎,
8836338,先天性脳動静脈瘤,
8842855,未破裂先天性脳動静脈瘤,
8844649,先天性硬膜動静脈瘻,
8847851,奇異性脳塞栓症,
8831740,外傷性硬膜動静脈瘻,
8843742,脊髄硬膜動静脈瘻,
8848339,後天性脊髄硬膜動静脈瘻,
2280110,静脈性血管腫,
8846109,基底核部静脈性血管腫,
8846127,後頭葉静脈性血管腫,
8846147,小脳静脈性血管腫,
8846181,前頭葉静脈性血管腫,
8846183,側頭葉静脈性血管腫,
8846191,頭頂葉静脈性血管腫,
8846205,脳室静脈性血管腫,
4375001,もやもや病,
4375003,成人もやもや病,
4467003,大動脈炎症候群,
8839589,ファブリー病,
4100008,冠状動脈解離,
4411007,急性大動脈解離,
8842477,急性大動脈解離ＤｅＢａｋｅｙＩ,
8842478,急性大動脈解離ＤｅＢａｋｅｙＩＩ,
8842479,急性大動脈解離ＤｅＢａｋｅｙＩＩＩａ,
8842480,急性大動脈解離ＤｅＢａｋｅｙＩＩＩｂ,
8842481,急性大動脈解離ＳｔａｎｆｏｒｄＡ,
8842482,急性大動脈解離ＳｔａｎｆｏｒｄＢ,
8842515,早期血栓閉鎖型大動脈解離,
8842856,未破裂椎骨動脈解離,
8842857,未破裂内頚動脈解離,
8844590,腹腔動脈解離,
8844847,肝動脈解離,
8844866,後下小脳動脈解離,
8844868,後大脳動脈解離,
8844885,上腸間膜動脈解離,
8844890,前大脳動脈解離,
8844900,中大脳動脈解離,
8844905,脳底動脈解離,
8844910,脾動脈解離,
8844922,慢性大動脈解離,
8848374,総腸骨動脈解離,
8848398,腸骨動脈解離,
8849042,破裂性椎骨動脈解離によるくも膜下出血,
8849043,破裂性内頚動脈解離によるくも膜下出血,
8849596,外傷性胸部大動脈解離,
2280017,海綿状血管腫,
8846100,海綿静脈洞部海綿状血管腫,
8846108,基底核部海綿状血管腫,
8846126,後頭葉海綿状血管腫,
8846145,小脳海綿状血管腫,
8846146,小脳橋角部海綿状血管腫,
8846180,前頭葉海綿状血管腫,
8846182,側頭葉海綿状血管腫,
8846184,側脳室海綿状血管腫,
8846186,第三脳室壁海綿状血管腫,
8846190,頭頂葉海綿状血管腫,
8846203,脳幹部海綿状血管腫,
8846204,脳室海綿状血管腫,
8846232,モンロー孔海綿状血管腫,
8846800,多発性海綿状血管腫,
8848650,脳海綿状血管腫合併妊娠,
8838680,脳アミロイド血管症,
2512009,医原性低血糖症,
8830649,インスリン低血糖,
8837872,低血糖性脳症,
8839324,非糖尿病性低血糖性昏睡,
8840698,夜間低血糖症,
8845065,１型糖尿病性低血糖性昏睡,
8830028,１型糖尿病性ケトアシドーシス,
8841680,１型糖尿病・ケトアシドーシス合併あり,
8843121,ウイルス性糖尿病・ケトアシドーシス合併有,
8843376,膵性糖尿病・ケトアシドーシス合併あり,
8843389,ステロイド糖尿病・ケトアシドーシス合併有,
8843449,二次性糖尿病・ケトアシドーシス合併あり,
8843620,薬剤性糖尿病・ケトアシドーシス合併あり,
8844025,緩徐進行１型糖尿病・ケトアシドーシス有,
8849471,ミトコンドリア糖尿病ケトアシドーシス合併,
8849587,肝性糖尿病・ケトアシドーシス合併あり,
3942006,僧帽弁狭窄兼閉鎖不全症,
8836277,先天性僧帽弁狭窄兼閉鎖不全症,
8848940,僧帽弁狭窄兼閉鎖不全症兼大動脈弁狭窄症,
8848941,僧帽弁狭窄兼閉鎖不全兼大動脈弁閉鎖不全症,
7100033,抗リン脂質抗体症候群,
7100034,原発性抗リン脂質抗体症候群,
8848246,抗リン脂質抗体症候群合併妊娠,
3001031,ヒステリー性てんかん,
3450001,てんかん小発作,
3451013,てんかん大発作,
3451016,術後てんかん,
3451019,前頭葉てんかん,
3454009,側頭葉てんかん,
3455001,ジャクソンてんかん,
3455005,局所性てんかん,
3455006,光原性てんかん,
3455010,焦点性てんかん,
3455017,腹部てんかん,
3456004,点頭てんかん,
3457003,持続性部分てんかん,
3458003,アルコールてんかん,
3458007,自律神経てんかん,
3458012,症候性てんかん,
3458020,聴覚反射てんかん,
3458023,脳卒中後てんかん,
3458024,遅発性てんかん,
3458025,難治性てんかん,
3459001,てんかん,
3459004,てんかん性精神病,
3459009,てんかん様発作,
3459016,反応性てんかん,
3459017,後天性てんかん,
8830276,アトニー性非特異性てんかん発作,
8834779,小児期アブサンスてんかん,
8834977,進行性ミオクローヌスてんかん,
8835246,若年性アブサンスてんかん,
8835263,若年性ミオクローヌスてんかん,
8835724,睡眠喪失てんかん,
8835743,ストレスてんかん,
8837936,てんかん重積状態,
8837937,てんかん性自動症,
8839840,部分てんかん,
8839994,辺縁系てんかん人格症候群,
8840001,片側痙攣片麻痺てんかん症候群,
8840422,ミオクローヌスてんかん,
8840723,薬物てんかん,
8841031,良性乳児ミオクローヌスてんかん,
8846326,脳炎後てんかん,
8846872,てんかん単純部分発作,
8846873,てんかん複雑部分発作,
8847543,乳児重症ミオクロニーてんかん,
8848045,抗てんかん薬骨軟化症,
8848086,てんかん合併妊娠,
8849414,てんかん発作による頭痛,
8849492,良性成人型家族性ミオクローヌスてんかん,
8849521,海馬硬化を伴う内側側頭葉てんかん,
8849538,徐波睡眠期持続性棘徐波てんかん,
8849552,ミオクロニー欠神てんかん,
8849553,ミオクロニー脱力発作を伴うてんかん,
8849555,遊走性焦点発作を伴う乳児てんかん,
9070002,外傷性てんかん,
9070012,外傷早期てんかん,
7598010,マルファン症候群,
8846906,非弁膜症性心房細動,
8846941,弁膜症性心房細動,
4431010,閉塞性血栓血管炎,
8836528,全身性閉塞性血栓血管炎,
8841702,統合失調症,
8842258,型分類困難な統合失調症,
8842260,急性統合失調症,
8842263,境界型統合失調症,
8842264,緊張型統合失調症,
8842266,偽神経症性統合失調症,
8842269,残遺型統合失調症,
8842271,小児期型統合失調症,
8842278,潜在性統合失調症,
8842279,前駆期統合失調症,
8842281,体感症性統合失調症,
8842283,単純型統合失調症,
8842284,遅発性統合失調症,
8842288,統合失調症後抑うつ,
8842295,統合失調症様状態,
8842300,破瓜型統合失調症,
8842301,妄想型統合失調症,
8842698,急性統合失調症性エピソード,
8842699,急性統合失調症様精神病性障害,
8842801,短期統合失調症様障害,
8842813,統合失調症型障害,
8842815,統合失調症症状を伴う急性錯乱,
8842816,統合失調症症状あり急性多形性精神病性障害,
8842817,統合失調症症状を伴う類循環精神病,
8842818,統合失調症症状を伴わない急性錯乱,
8842819,統合失調症症状なし急性多形性精神病性障害,
8842820,統合失調症症状を伴わない類循環精神病,
8842822,統合失調症性反応,
8845711,統合失調症型パーソナリティ障害,
8845712,統合失調症性パーソナリティ障害,
4239017,膠原病性心膜炎,
7109004,膠原病,
8833428,膠原病に伴う貧血,
8848245,膠原病性間質性肺炎,
2890011,真性赤血球増加症,
8842256,うつ病型統合失調感情障害,
8842268,混合型統合失調感情障害,
8842280,躁病型統合失調感情障害,
8842285,統合失調感情障害,
4254003,家族性心筋症,
8833543,拘束型心筋症,
8846149,心室中部閉塞性心筋症,
4254028,特発性拡張型心筋症,
8846192,特発性拘束型心筋症,
4254011,特発性心筋症,
4254015,肥大型心筋症,
2409012,地方病性甲状腺腫,
2420014,甲状腺中毒性眼球突出症,
2420016,下垂体性甲状腺機能亢進症,
2423001,プランマー病,
2429001,一過性甲状腺機能亢進症,
2429002,甲状腺クリーゼ,
2429007,甲状腺中毒性周期性四肢麻痺,
2429012,原発性甲状腺機能亢進症,
2429013,偽性甲状腺機能亢進症,
2429014,二次性甲状腺機能亢進症,
2429015,甲状腺中毒性心不全,
2430001,クレチン病,
2448001,続発性甲状腺機能低下症,
2449004,原発性甲状腺機能低下症,
2449014,低Ｔ３症候群,
2449016,粘液水腫,
2449026,視床下部性甲状腺機能低下症,
2449031,二次性甲状腺機能低下症,
2449034,三次性甲状腺機能低下症,
2449036,若年性甲状腺機能低下症,
2458002,萎縮性甲状腺炎,
2534003,下垂体性甲状腺機能低下症,
4267002,ＷＰＷ症候群,
4268001,ＬＧＬ症候群,
8830457,異所性中毒性甲状腺腫,
8831611,感染後甲状腺機能低下症,
8832883,グレーブス病,
8833502,甲状腺機能亢進症,
8833503,甲状腺機能正常型グレーブス病,
8833505,甲状腺機能低下に伴う貧血,
8833512,甲状腺切除性悪液質,
8833514,甲状腺中毒症,
8833515,甲状腺中毒症性関節障害,
8833516,甲状腺中毒症性筋無力症候群,
8833517,甲状腺中毒症性心筋症,
8833518,甲状腺中毒性昏睡,
8833519,甲状腺中毒性四肢麻痺,
8833523,甲状腺無形成,
8833575,後天性甲状腺萎縮,
8833883,混合型先天性ヨード欠乏症候群,
8834936,神経型先天性ヨード欠乏症候群,
8835204,自己免疫性甲状腺炎,
8835578,人為的甲状腺中毒症,
8836204,先天性甲状腺萎縮,
8836205,先天性甲状腺機能低下症,
8836382,先天性ヨード欠乏症候群,
8836637,早期興奮症候群,
8837437,脱ヨード化障害,
8837548,地方病性クレチン病,
8837639,中毒性甲状腺腫,
8837647,中毒性多結節性甲状腺腫,
8837648,中毒性単結節性甲状腺腫,
8838664,粘液水腫型先天性ヨード欠乏症候群,
8838665,粘液水腫性昏睡,
8838940,ハシトキシコーシス,
8839544,びまん性先天性甲状腺腫,
8839546,びまん性中毒性甲状腺腫,
8840098,ホフマン症候群,
8840704,薬剤性甲状腺機能低下症,
8840779,ヨード欠乏性甲状腺機能低下症,
8841422,甲状腺中毒性ミオパチー,
8844716,甲状腺眼症,
8845862,下垂体性ＴＳＨ分泌亢進症,
8847562,放射線甲状腺機能低下症,
8847898,橋本脳症,
8845516,ＨＩＶ感染症の認知症,
8845060,１型糖尿病性精神障害,
8845089,２型糖尿病性精神障害,
8838072,糖尿病性精神障害,
8842621,脳リピドーシスの認知症,
8847912,ＣＡＤＡＳＩＬ,
8847913,ＣＡＲＡＳＩＬ,
8842608,多発梗塞性認知症,
8842626,皮質認知症,
8842625,皮質下認知症,
2901004,初老期精神病,
2902001,初老期妄想状態,
2902006,老年期うつ病,
2902008,老年期妄想状態,
2902012,老年精神病,
8842575,原発性認知症,
8842591,初老期認知症,
8842615,二次性認知症,
8842618,認知症,
8842637,老年期認知症,
8842638,老年期認知症妄想型,
8842639,老年期認知症抑うつ型,
2940001,非アルコール性コルサコフ症候群,
2940002,非アルコール性コルサコフ精神病,
8832205,器質性健忘症候群・精神作用物質によらない,
8842619,認知症に重なったせん妄,
8832206,器質性幻覚症,
8839172,非アルコール性器質性幻覚状態,
8839360,皮膚寄生虫妄想,
8832202,器質性緊張病性障害,
8832213,器質性の妄想状態および幻覚妄想状態,
8832216,器質性妄想性障害,
2904006,動脈硬化性うつ病,
8831615,感染症後うつ病,
8832199,器質性うつ病性障害,
8832201,器質性気分障害,
8832207,器質性混合性感情障害,
8832210,器質性双極性障害,
8832211,器質性躁病性障害,
8832214,器質性不安障害,
8832200,器質性解離性障害,
8832208,器質性情緒不安定性障害,
8844170,軽度認知障害,
8842022,ステロイド精神病,
3019012,多幸症,
2904001,脳血管性精神障害,
2939003,内分泌性精神障害,
2949007,症候性精神障害,
2949016,器質性精神障害,
4389018,脳出血後遺性精神障害,
8832212,器質性脳症候群,
8834236,子宮全摘術後愁訴,
8838102,頭部外傷後精神障害,
8838266,動脈硬化性精神障害,
8842179,高次脳機能障害,
3100002,前頭葉症候群,
8832203,器質性偽精神病質性人格,
8832204,器質性偽遅滞性人格,
8841266,ロボトミー症候群,
8845645,器質性パーソナリティ障害,
8845677,初老期性パーソナリティ障害,
8846328,発動性障害,
8838681,脳炎後症候群,
3102003,脳振盪後症候群,
8831776,外傷性脳症,
8839295,非精神病性外傷後脳症候群,
8843158,開放性外傷性脳症,
8843267,外傷性脳症・頭蓋内に達する開放創合併あり,
8843268,外傷性脳症・頭蓋内に達する開放創合併なし,
8843535,閉鎖性外傷性脳症,
3100006,クリューバー・ビューシー症候群,
3108002,間脳症,
3108005,側頭葉症候群,
3108006,脳局所性精神症候群,
8832209,器質性人格行動障害,
8834433,失語・失行・失認症候群,
8840425,右半球器質性感情障害,
2949015,器質性精神症状群,
2949003,器質性精神病,
2949011,症状精神病,
2914001,病的酩酊,
2914002,複雑酩酊,
8849010,アルコール中毒せん妄,
3039002,アルコール乱用,
8830330,アルコール依存症,
8830357,アルコール離脱状態,
8849011,アルコール離脱せん妄,
2919003,アルコール性精神病,
8830331,アルコール幻覚症,
8830339,アルコール性嫉妬,
8830355,アルコール性妄想,
2911002,アルコール性コルサコフ症候群,
2940005,コルサコフ症候群,
8830346,アルコール性多発性神経炎性精神病,
2919005,アルコール性脳症候群,
8830337,アルコール性残遺性感情障害,
8830344,アルコール性持続性認知障害,
8830345,アルコール性躁病,
8830349,アルコール性遅発性精神病性障害,
8830352,アルコール性フラッシュバック,
8830798,うつ状態アルコール中毒,
8840299,慢性アルコール性脳症候群,
8842547,アルコール性認知症,
8845631,アルコール性遅発性パーソナリティ障害,
8844834,アヘン類使用による急性精神・行動障害,
3055003,モルヒネ乱用,
3040001,アヘン中毒,
3040003,メサドン中毒,
3040004,麻薬中毒,
3055001,モルヒネ依存,
3055002,モルヒネ型薬物依存,
8844895,大麻類使用による急性精神・行動障害,
3043002,マリファナ中毒,
8840285,マリファナ依存,
8849155,大麻類使用による健忘症候群,
8849156,大麻類による残遺性及び遅発性精神性障害,
8844901,鎮静薬による急性精神・行動障害,
3046006,精神安定薬乱用,
3041001,バルビタール酸依存,
3041003,睡眠薬依存,
3041004,精神安定薬依存,
8843968,ベンゾジアゼピン依存症,
8844870,コカイン使用による急性精神・行動障害,
3056001,コカイン乱用,
3042001,コカイン依存,
8844844,カフェイン等精神刺激薬の急性精神行動障害,
8844843,カフェイン使用による急性精神・行動障害,
8844835,アンフェタミン使用の急性精神・行動障害,
3057001,アンフェタミン乱用,
8830410,アンフェタミン中毒,
8831430,カフェイン中毒,
8844839,覚醒剤依存症,
8831428,カフェイン依存,
8830408,アンフェタミン依存,
3046007,精神刺激薬依存,
8844840,覚醒剤精神病,
8846493,覚醒剤中毒後遺症,
3053001,ＬＳＤ反応,
8844833,ＬＳＤ使用による急性精神・行動障害,
8844864,幻覚薬使用による急性精神・行動障害,
3053003,幻覚薬乱用,
3045004,幻覚薬依存,
8844850,揮発性溶剤使用による急性精神・行動障害,
3046008,有機溶剤吸引,
3046001,アブシント血症,
3046002,アブシント中毒症,
3046003,エーテル中毒症,
3046004,シンナー嗜癖,
3046005,シンナー中毒,
8844879,詳細不明精神作用物質の急性精神行動障害,
8844896,多剤精神作用物質使用の急性精神・行動障害,
3058002,抗うつ薬乱用,
3059002,薬物誤用,
3059003,薬物乱用,
3049002,薬物依存,
8844912,非麻薬性鎮痛剤依存症,
2920003,薬物禁断症候群,
2949013,中毒性精神病,
2940003,健忘症候群,
3049004,薬物嗜癖抑うつ状態,
2922001,向精神薬副作用,
2929001,薬物性精神障害,
2949012,中毒性精神障害,
8840684,モレル・クレペリン病,
2971001,パラノイア,
2971002,関係念慮,
2971003,関係妄想,
2971005,誇大妄想,
2971007,嫉妬妄想,
2971009,心気妄想,
2971012,被害妄想,
3002009,自己視線恐怖,
3002010,自己臭恐怖,
3009003,口臭ノイローゼ,
8834119,サンデル病,
8840580,妄想性障害,
2972002,退行期妄想状態,
8833547,好訴パラノイア,
8840579,妄想性醜形恐怖症,
2979001,幻覚妄想状態,
8835222,持続性妄想性障害,
8840471,夢幻精神病,
2979006,妄想反応,
8834909,心因性妄想精神病,
8840585,妄想を主とする急性精神病性障害,
2988005,交通事故後心因反応,
2988006,拘禁反応,
3009002,外傷性精神病,
2981001,急性精神病,
2988013,反応性精神病,
8832279,急性一過性精神病性障害,
8842503,心因反応精神遅滞,
2973002,感応精神病,
2973003,二人組精神病,
8831664,感応性妄想性障害,
2972004,慢性幻覚精神病,
2989017,非定型精神病,
8845419,知的障害性精神病,
2989010,精神病,
2989015,非器質性精神病,
8835861,精神病症状を伴う躁病,
8836693,躁病性昏迷,
8836651,双極性感情障害・軽躁病エピソード,
8836655,双極性感情障害・精神病症状を伴わない躁病,
8836653,双極性感情障害・精神病症状を伴う躁病,
8836650,双極性感情障害・軽症のうつ病エピソード,
8836657,双極性感情障害・中等症のうつ病エピソード,
8836654,双極性感情障害精神病症状がない重症うつ病,
8836656,双極性感情障害精神病症状を伴う重症うつ病,
8836652,双極性感情障害・混合性エピソード,
8831485,寛解中の双極性感情障害,
2965002,循環型躁うつ病,
8839043,反復性躁病エピソード,
8849647,双極２型障害,
2958003,周期性精神病,
2966002,躁うつ病,
8842517,双極性感情障害,
8850488,双極１型障害,
8850673,双極性障害,
8831074,解離性健忘,
8831081,解離性遁走,
2988008,心因性昏迷,
3001002,カタレプシー,
8831075,解離性昏迷,
3001011,ヒステリー性運動失調症,
3061020,心因性失声,
8831070,解離性運動障害,
8834459,失立,
8839290,ヒステリー性失声症,
8841368,心因性振戦,
2988012,心因発作,
3001029,憤怒痙攣,
3379028,自律神経発作,
8831073,解離性痙攣,
3067001,心因性難聴,
3067002,神経性眼精疲労,
7820078,解離性感覚障害,
8848250,混合性解離性障害,
8848251,混合性転換性障害,
2930002,急性精神錯乱,
2931001,亜急性錯乱状態,
2982003,心因性もうろう状態,
2982004,心因性錯乱,
2982005,反応性錯乱,
8832002,ガンサー症候群,
8839171,非アルコール性亜急性錯乱状態,
8845699,多重パーソナリティ障害,
3001018,ヒステリー反応,
3001023,疾病逃避,
8831076,解離性障害,
8846871,転換性障害,
8840581,妄想性神経症,
3041005,鎮痛薬依存,
8830493,依存を生じない物質の乱用,
8833258,下剤乱用,
8835735,ステロイド剤乱用,
8835853,制酸剤乱用,
8839508,ビタミン剤乱用,
8840103,ホルモン剤乱用,
8834894,心因性行動異常,
8834900,心因性生理的機能低下,
8845648,狂信的パーソナリティ障害,
8845657,好訴的パーソナリティ障害,
8845736,妄想性パーソナリティ障害,
3017002,空想嘘言症,
8845686,精神病質的パーソナリティ障害,
8845725,非社会性パーソナリティ障害,
8845952,衝動型パーソナリティ障害,
8845647,境界型パーソナリティ障害,
8845682,情緒不安定性パーソナリティ障害,
8845639,演技性パーソナリティ障害,
8845685,精神的幼児性パーソナリティ障害,
8845726,ヒステリー性パーソナリティ障害,
8845650,強迫観念パーソナリティ障害,
8845858,回避性パーソナリティ障害,
3016004,無力性人格異常,
8845634,依存性パーソナリティ障害,
3028002,ナルシシズム型性格障害,
8835368,受動攻撃型性格障害,
8845638,エキセントリックパーソナリティ障害,
8845653,軽佻者型パーソナリティ障害,
8845684,精神神経症的パーソナリティ障害,
8845735,未熟型パーソナリティ障害,
3019001,異常性格,
3019006,性格神経症,
3019007,性格反応,
3019009,精神病質,
8845723,パーソナリティ障害,
3010001,妄想傾向,
8838918,破局体験後の持続的人格変化,
8835860,精神科疾患後の持続的人格変化,
8840377,慢性疼痛人格症候群,
3019008,性格変化,
8850112,ギャンブル症,
3122002,放火癖,
8842207,病的窃盗,
8839104,抜毛癖,
8831508,間欠性爆発障害,
8850712,インターネット症,
8850748,ゲーム症,
3014005,強迫的素行障害,
8842058,習慣および衝動の障害,
8839617,フェティシズム,
8839618,フェティシズム的服装倒錯症,
3024001,露出症,
3028007,窃視症,
8834791,小児性愛,
3028001,サディズム,
3028004,マゾヒズム,
8834023,サドマゾヒズム,
8835855,性嗜好の多重障害,
3021001,獣愛,
8834380,屍体性愛,
8836043,接触性愛,
3029001,性的倒錯,
3029002,性的偏倚,
8835854,性嗜好の障害,
8835938,性的逸脱,
8840088,補償神経症,
8837413,代理ミュンヒハウゼン症候群,
8840460,ミュンヒハウゼン症候群,
3013006,病的感動性性格,
3019005,性格障害,
8836933,対人関係障害,
3180002,興奮型痴愚,
8845434,中等度知的障害,
8845435,中等度知的障害・行動機能障害なしか最小限,
8845438,中等度知的障害・要治療の行動機能障害あり,
8845437,中等度知的障害・その他の行動機能障害あり,
8845436,中等度知的障害・行動機能障害の言及なし,
8845313,重度知的障害,
8845314,重度知的障害・行動機能障害なしか最小限,
8845317,重度知的障害・要治療の行動機能障害あり,
8845316,重度知的障害・その他の行動機能障害あり,
8845315,重度知的障害・行動機能障害の言及なし,
8845286,最重度知的障害,
8845287,最重度知的障害・行動機能障害なしか最小限,
8845290,最重度知的障害・要治療の行動機能障害あり,
8845289,最重度知的障害・その他の行動機能障害あり,
8845288,最重度知的障害・行動機能障害の言及なし,
8845414,知的障害,
8845415,知的障害・行動機能障害なしか最小限,
8845312,重症心身障害,
8845418,知的障害・要治療の行動機能障害あり,
8845417,知的障害・その他の行動機能障害あり,
8845416,知的障害・行動機能障害の言及なし,
8838167,特異的会話構音障害,
8838964,発達性構音障害,
8840884,ラリング,
8848327,機能性構音障害,
8839413,表出性言語障害,
7843001,ウェルニッケ失語症,
8831489,感覚性失語症,
8835369,受容性言語障害,
8836301,先天性聴覚無知覚症,
8840927,ランドウ・クレフナー症候群,
8831346,片こと,
3153007,言語発達遅滞,
7845002,言語障害,
3150002,発達性読字障害,
8838169,特異的読字障害,
8834868,書字障害,
8838168,特異的書字障害,
3108001,ゲルストマン症候群,
8832912,計算障害,
8838963,発達性計算障害,
3150001,特殊書読遅滞,
8831871,学習能力の混合性障害,
8838171,特殊学習困難,
8838966,発達性表出性書字障害,
8831870,学習障害,
8831872,学習能力の特異的発達障害,
3154007,運動発達遅滞,
3488016,微細脳機能障害,
8830803,運動機能の特異的発達障害,
8838962,発達性協同障害,
8838967,発達性律動障害,
8839817,不器用,
8839818,不器用児症候群,
8833893,混合性特異的発達障害,
2990004,小児自閉症,
2999001,児童精神病,
2999004,小児精神病,
8831404,カナー症候群,
8835238,自閉症,
8844178,高機能自閉症,
2998001,非定型小児精神病,
8839322,非定型自閉症,
8845311,自閉的特徴を伴う知的障害,
2991004,レット症候群,
2991003,ヘラー症候群,
8832528,共生精神病,
8840061,崩壊精神病,
8845420,知的障害と常同運動に関連した過動性障害,
2991005,アスペルガー症候群,
8834786,小児シゾイド障害,
8835239,自閉的精神病質,
2991006,自閉性精神発達遅滞,
8849859,ＭＥＣＰ２重複症候群,
8833660,広汎性発達障害,
8848560,自閉症スペクトラム障害,
8850961,ＤＤＸ３Ｘ関連神経発達異常症,
8850963,ＧＲＩＮ２Ｂ関連神経発達異常症,
8850969,ＰＵＲＡ関連神経発達異常症,
3159002,児童期発達適応障害,
8838965,発達性失認,
7834009,早期小児期発達障害,
8838961,発達障害,
8850459,神経発達症,
8845643,家庭限局性素行障害,
8845724,非社会化型素行障害,
8845670,集団型素行障害,
8838999,反抗挑戦性障害,
3129003,少年非行,
8845675,小児期素行障害,
8845696,素行障害,
3269011,髄膜炎罹患後精神障害,
8845600,ハンチントン病の認知症,
8850077,認知症を伴うパーキンソン病,
8842548,アルツハイマー型初老期認知症,
8842551,アルツハイマー型老年認知症,
8842550,アルツハイマー型非定型認知症,
8849974,混合型認知症,
8842549,アルツハイマー型認知症,
8844891,前頭側頭葉型認知症,
8845840,レビー小体型認知症,
8850798,神経原線維変化型老年期認知症,
4260004,高度房室ブロック,
8850609,２対１房室ブロック,
4260002,完全房室ブロック,
6484003,妊娠期精神病,
8848678,ヤング・シンプソン症候群,
8848429,ＡＴＲ−Ｘ症候群,
8848676,モワット・ウイルソン症候群,
8848524,コフィン・シリス症候群,
8851194,意味性認知症,
8851291,前頭側頭型認知症,
8851375,ＨＴＲＡ１関連脳小血管病,
8835253,若年性進行麻痺,
8836393,先天梅毒髄膜炎,
8836396,先天梅毒脳炎,
8836397,先天梅毒脳脊髄炎,
8839123,晩期先天神経梅毒,
8851304,第３期先天神経梅毒,
8839129,晩期先天梅毒性髄膜炎,
8851311,第３期先天梅毒性髄膜炎,
8839131,晩期先天梅毒性脳炎,
8851313,第３期先天梅毒性脳炎,
8834978,進行麻痺,
8833241,顕性神経梅毒,
8834961,神経梅毒髄膜炎,
8839138,晩期梅毒性髄膜炎,
8851320,第３期梅毒性髄膜炎,
8839143,晩期梅毒脳炎,
8851325,第３期梅毒脳炎,
8839144,晩期梅毒脳脊髄炎,
8851326,第３期梅毒脳脊髄炎,
949002,脳脊髄梅毒,
949003,脳梅毒,
8839075,梅毒性髄膜炎,
949001,神経梅毒,
461004,クロイツフェルト・ヤコブ病,
8838853,ハイデンハイン疾患,
8848413,プリオン病,
8846103,家族性クロイツフェルト・ヤコブ病,
8846131,孤発性クロイツフェルト・ヤコブ病,
8841662,致死性家族性不眠症,
462001,亜急性硬化性全脳炎,
463001,進行性多巣性白質脳症,
8832783,クールー,
8841322,ゲルストマンストロイスラーシャインカー病,
8835767,スローウイルス感染症,
8830098,ＨＩＶ脳症,
8840055,ペラグラ性脳症,
8840977,リピドーシス,
8851470,脳内鉄沈着神経変性症,
8843948,ハンチントン病,
8846154,若年型ハンチントン病,
8848534,嗜銀顆粒性認知症,
3310002,アルツハイマー病,
8842308,家族性アルツハイマー病,
2901003,ピック病,
8833284,限局性脳萎縮症,
8848596,前頭側頭葉変性症,
8848436,ＨＤＬＳ,
8842457,アルパース病,
8840933,リー症候群,
8849489,卵巣機能障害を伴う進行性白質脳症,
8849351,進行性白質脳症,
3319002,大脳萎縮症,
8851457,中大脳動脈分岐部動脈瘤,
8850551,内頚動脈前脈絡叢動脈分岐部動脈瘤,
8848042,頚部内頚動脈瘤,
4373011,内頚動脈瘤,
8851469,脳底動脈上小脳動脈分岐部動脈瘤,
8850881,椎骨動脈後下小脳動脈分岐部動脈瘤,
2387011,本態性血小板血症,
8831280,家族性赤血球増加症,
8835753,スフィンゴリピドーシス,
8846132,コレステロールエステル蓄積症,
8838270,動脈線維筋形成異常,
2840001,ファンコニ貧血,
8836310,先天性低形成貧血,
2899005,汎血球減少症,
8837870,低形成性貧血,
8833805,骨髄機能低下,
8833811,骨髄低形成,
2831004,薬剤性溶血性貧血,
2830009,寒冷凝集素症,
8831681,寒冷溶血素症候群,
8830887,エバンス症候群,
2469002,甲状腺機能異常,
2469003,甲状腺機能障害,
8841679,１型糖尿病・昏睡合併あり,
8830030,１型糖尿病性昏睡,
8844026,緩徐進行１型糖尿病・昏睡合併あり,
8841689,２型糖尿病・昏睡合併あり,
8830041,２型糖尿病性昏睡,
8845094,２型糖尿病性低血糖性昏睡,
8843122,ウイルス性糖尿病・昏睡合併あり,
8843390,ステロイド糖尿病・昏睡合併あり,
8849588,肝性糖尿病・昏睡合併あり,
8843450,二次性糖尿病・昏睡合併あり,
8843621,薬剤性糖尿病・昏睡合併あり,
8843377,膵性糖尿病・昏睡合併あり,
2502006,糖尿病性昏睡,
8838076,糖尿病性低血糖性昏睡,
2510003,低血糖昏睡,
8844963,ケトン性低血糖症,
8837871,低血糖,
2512004,低血糖発作,
8845044,１型糖尿病性アシドーシス,
8841690,２型糖尿病・ケトアシドーシス合併あり,
8830040,２型糖尿病性ケトアシドーシス,
2501005,糖尿病性ケトアシドーシス,
8833201,ケトアシドーシス,
2989009,精神障害,
3009012,非定型精神障害,
3067008,機能性難聴,
2773034,家族性アミロイドーシス,
2773001,アミロイドーシス,
2773011,原発性アミロイドーシス,
2773029,原発性全身性アミロイドーシス,
2773013,全身性アミロイドーシス,
8830806,運動性失語症,
7843019,健忘性失語症,
8834434,失語症,
8834458,失名詞症,
8836506,全失語症,
8837112,単語失語症,
8837764,超皮質健忘性失語症,
7843013,超皮質性失語,
8837978,伝導性失語症,
7843017,皮質運動性失語症,
8839249,皮質下運動性失語症,
8839250,皮質下感覚性失語症,
8846333,非流暢性失語,
8839407,表現的失語症,
8839782,不全失語症,
8839858,文意失語症,
8846348,流暢性失語,
7846001,運動失行,
7846002,開眼失行,
8831488,感覚性失行症,
7846004,観念運動失行,
7846005,観念失行,
8832092,顔面失行症,
8833249,健忘性失行症,
7846007,構成失行,
8834157,肢運動失行症,
7846011,失行,
7846020,着衣失行,
8839254,皮質性失行症,
7846023,病態失認,
8845632,アントン症候群,
8832785,空間識障害,
8833289,言語失認,
8834024,左右識別不能症,
8834163,視覚失認,
7846015,失認,
7846018,身体失認,
7846019,相貌失認,
8837678,聴覚失認,
7846022,半側空間失認,
8851250,進行性非流暢性失語症,
8830353,アルコール性ペラグラ,
8830341,アルコール性小脳性運動失調症,
2919004,アルコール性脳症,
8830351,アルコール性脳変性,
8830347,アルコール性多発ニューロパチー,
8830342,アルコール性神経筋障害,
3040002,ヘロイン中毒,
8833853,コデイン中毒,
9650002,モルヒネ中毒,
8840048,ペチジン中毒,
3042003,コカイン中毒,
3043003,大麻中毒,
3045001,ＬＳＤ中毒,
8833988,サイロシビン中毒,
8833989,サイロシン中毒,
3045002,メスカリン中毒,
9699002,覚醒剤中毒,
8840153,暴力行為,
8848235,カルニチンパルミトイル転換酵素欠損症,
8846080,ＭＥＲＲＦ症候群,
3454005,精神運動発作,
8849249,ウンフェルリヒト・ルントボルグ病,
3451012,強直間代発作,
3456001,ウエスト症候群,
8849546,ドラベ症候群,
8849520,大田原症候群,
3448023,トッド麻痺,
3453004,大発作持続状態,
8833109,欠神発作重積状態,
3452001,小発作持続状態,
3454006,精神運動発作重積症,
3457004,部分発作重延状態,
8850692,部分発作重積状態,
3451015,局所性痙攣,
8834773,焦点性知覚性発作,
3458017,体知覚性発作,
3458019,聴覚性発作,
3450002,アブサンス,
8849488,ラフォラ病,
3450004,定型欠神発作,
8841026,良性新生児痙攣,
8849519,ＰＣＤＨ１９関連症候群,
8841171,レノックス・ガストー症候群,
8849542,早期ミオクロニー脳症,
8849547,難治頻回部分発作重積型急性脳炎,
3455018,モーア症候群,
3458005,家族性痙攣,
7803002,一過性痙攣発作,
3451014,間代性痙攣,
3451009,強直性痙攣,
7803009,症候性痙攣発作,
7803012,全身痙攣,
7803027,全身痙攣発作,
8844617,無熱性痙攣,
7803021,痙攣重積発作,
7803024,痙攣発作,
8850381,一次性進行型多発性硬化症,
8850432,再発寛解型多発性硬化症,
8850553,二次性進行型多発性硬化症,
8848096,脳動脈解離による脳梗塞,
4373024,解離性脳動脈瘤,
8831072,解離性胸部大動脈瘤,
4410003,解離性大動脈瘤,
8831077,解離性大動脈瘤ＤｅＢａｋｅｙＩ,
8831078,解離性大動脈瘤ＤｅＢａｋｅｙＩＩ,
8831079,解離性大動脈瘤ＤｅＢａｋｅｙＩＩＩａ,
8831080,解離性大動脈瘤ＤｅＢａｋｅｙＩＩＩｂ,
8842465,解離性大動脈瘤ＳｔａｎｆｏｒｄＡ,
8842466,解離性大動脈瘤ＳｔａｎｆｏｒｄＢ,
4373022,頚部解離性動脈瘤,
4429002,解離性動脈瘤,
8834886,心アミロイドーシス,
8846224,ミトコンドリア心筋症,
8847818,発作性頻脈性心房細動,
8846694,持続性心房細動,
8851458,長期持続性心房細動,
8850690,非弁膜症性持続性心房細動,
8847735,永続性心房細動,
4273014,慢性心房細動,
8846503,家族性心房細動,
8846608,孤立性心房細動,
8844493,徐脈性心房細動,
4273006,心房細動,
4279012,絶対性不整脈,
4273011,頻拍型心房細動,
8847815,頻脈性心房細動,
4273009,心房粗動,
4273003,一過性心房粗動,
8851485,発作性心房粗動,
8846340,発作性心房頻拍,
8842505,心房頻拍,
8849656,多源性心房頻拍,
8851468,洞結節リエントリー性頻拍,
8842538,発作性接合部頻拍,
8851486,房室回帰性頻拍,
8851487,房室結節リエントリー性頻拍,
8840957,リエントリー性心室性不整脈,
8842276,徐脈頻脈症候群,
4278046,洞不全症候群,
4261005,間欠性房室ブロック,
8834114,三束ブロック,
8850665,先天性完全房室ブロック,
4269002,アダムス・ストークス発作,
4269003,アダムス・ストークス症候群,
8835742,ストークス・アダムス症候群,
4271005,心室頻拍,
8847822,無脈性心室頻拍,
8842129,ブルガダ症候群,
4274005,心室粗動,
1919031,脳血管腫,
8846595,後頭葉血管腫,
8846658,小脳血管腫,
8846751,前頭葉血管腫,
8846773,側頭葉血管腫,
8846879,頭頂葉血管腫,
8850078,脳海綿状血管腫,
8846894,脳幹部血管腫,
8850079,脳脊髄海綿状血管腫,
8839318,ヒッペル病,
8846926,フォンヒッペル・リンダウ病,
8847896,脳動静脈奇形破裂によるくも膜下出血,
4375004,小児もやもや病,
4465001,巨細胞動脈炎,
4431001,バージャー病,
8838268,動脈硬化性閉塞性血管炎,
8851152,動脈硬化性閉塞性血管炎・壊疽あり,
8839942,閉塞性血管炎,
8851175,閉塞性血管炎・壊疽あり,
8833125,結節性多発動脈炎,
8846209,皮膚結節性多発動脈炎,
8849445,皮膚動脈炎,
8842086,顕微鏡的多発血管炎,
8845513,ＡＮＣＡ関連血管炎,
8848336,限局型多発血管炎性肉芽腫症,
8848371,全身型多発血管炎性肉芽腫症,
8848381,多発血管炎性肉芽腫症,
8848382,多発血管炎性肉芽腫症性呼吸器障害,
8848338,好酸球性多発血管炎性肉芽腫症,
8848109,ＡＮＣＡ関連腎炎,
8832473,急速進行性びまん性半月体形成性糸球体腎炎,
8848508,抗糸球体基底膜腎炎,
8848401,特発性半月体形成性糸球体腎炎,
8832829,クリオグロブリン血症性血管炎,
8848314,ＩｇＡ血管炎,
8849413,低補体血症性蕁麻疹様血管炎,
8830137,ＳＬＥ眼底,
8840979,リブマン・ザックス心内膜炎,
8844339,ループス胸膜炎,
7100007,ループス腎炎,
8844340,ループス腸炎,
8844341,ループス肺炎,
8850360,ループス腹膜炎,
8844342,ループス膀胱炎,
8844080,中枢神経ループス,
8851533,混合型四肢麻痺,
8851534,混合型両麻痺,
8851574,免疫エフェクター細胞関連神経毒性症候群,
8845863,下垂体性ＴＳＨ分泌低下症,
8848345,腫瘍崩壊症候群,
8836195,先天性痙性麻痺,
8851577,ＤＭＤ心筋症,
8851583,遺伝性トランスサイレチンアミロイドーシス,
8851587,家族性肥大型心筋症,
8851588,関節型エーラス・ダンロス症候群,
8851599,筋拘縮型エーラス・ダンロス症候群,
8851619,歯周型エーラス・ダンロス症候群,
8851621,周産期心筋症,
8851631,心筋炎後心筋症,
8851634,心臓弁型エーラス・ダンロス症候群,
8851635,心ファブリー病,
8851644,脊椎異形成型エーラス・ダンロス症候群,
8851647,脆弱角膜症候群,
8851692,慢性炎症性心筋症,
8851693,慢性活動性心筋炎,
8851696,ミオパチー型エーラス・ダンロス症候群,
8851702,類古典型エーラス・ダンロス症候群,
8851709,ＬＭＮＢ１関連大脳白質脳症,
8851737,シア・ギブス症候群,
8851743,睡眠時棘徐波活性化を示すてんかん性脳症,
8851744,睡眠時棘徐波活性化発達性てんかん性脳症,
8847108,セリアック病,
