請求コード,傷病名名称
1409003,口唇癌
1419002,舌癌
1420003,耳下腺癌
1421002,顎下腺癌
1422003,舌下腺癌
1429007,唾液腺癌
1439002,歯肉癌
1449002,口腔底癌
1459007,口腔癌
1460003,扁桃癌
1460004,扁桃肉腫
1463002,喉頭蓋癌
1469001,咽頭肉腫
1469004,中咽頭癌
1479001,上咽頭癌
1489003,下咽頭癌
1490001,咽頭癌
1500002,頚部食道癌
1501002,胸部食道癌
1502002,腹部食道癌
1503002,上部食道癌
1504002,中部食道癌
1505002,下部食道癌
1509003,食道癌
1509006,早期食道癌
1510005,噴門癌
1511003,幽門癌
1512002,幽門前庭部癌
1513002,胃底部癌
1514002,胃体部癌
1519006,胃癌
1519010,胃癌末期
1519011,胃重複癌
1519012,胃進行癌
1519015,胃肉腫
1519017,胃平滑筋肉腫
1519020,残胃癌
1519022,早期胃癌
1520002,十二指腸癌
1520003,十二指腸乳頭癌
1520004,十二指腸乳頭部癌
1520006,十二指腸カルチノイド
1521002,空腸癌
1522002,回腸癌
1529002,小腸癌
1531002,横行結腸癌
1532002,下行結腸癌
1533003,Ｓ状結腸癌
1534001,回盲部癌
1534004,盲腸癌
1535002,虫垂癌
1536002,上行結腸癌
1539002,結腸癌
1539004,大腸癌
1541005,直腸癌
1541009,直腸癌術後再発
1541010,直腸癌穿孔
1543002,肛門癌
1543003,肛門部癌
1550004,肝癌
1550005,肝細胞癌
1550012,原発性肝癌
1551002,肝内胆管癌
1561004,胆管癌
1561005,胆管細胞癌
1569002,胆道癌
1570002,膵頭部癌
1571002,膵体部癌
1579002,膵癌
1591001,脾悪性リンパ腫
1600003,鼻腔癌
1601004,中耳悪性腫瘍
1602001,上顎癌
1609002,副鼻腔癌
1611001,上咽頭悪性腫瘍
1619005,喉頭癌
1620003,気管癌
1629003,原発性肺癌
1629006,肺癌
1629009,肺肉腫
1639001,胸膜悪性腫瘍
1639004,胸膜中皮腫
1639005,限局性悪性胸膜中皮腫
1640001,悪性胸腺腫
1640004,胸腺癌
1640005,浸潤型胸腺腫
1649001,悪性縦隔腫瘍
1649004,縦隔癌
1700005,頭蓋骨悪性腫瘍
1701003,悪性エナメル上皮腫
1709002,ユーイング肉腫
1709013,骨肉腫
1709019,軟骨肉腫
1709023,傍骨性骨肉腫
1709026,原発性骨腫瘍
1709034,悪性骨腫瘍
1710002,頭部軟部組織悪性腫瘍
1718003,神経線維肉腫
1719010,横紋筋肉腫
1719012,滑膜肉腫
1719013,血管肉腫
1719018,脂肪肉腫
1719025,線維肉腫
1719033,平滑筋肉腫
1719035,胞巣状軟部肉腫
1719043,滑膜腫
1719052,悪性間葉腫
1728001,爪下黒色腫
1729002,悪性黒色腫
1729020,転移性黒色腫
1732005,外耳道癌
1733001,顔面悪性腫瘍
1734002,頭部皮膚癌
1736002,上肢皮膚癌
1737002,下肢皮膚癌
1739001,カポジ肉腫
1739003,基底細胞癌
1739008,皮膚癌
1739010,皮膚線維肉腫
1739011,皮膚付属器癌
1739013,隆起性皮膚線維肉腫
1739016,色素性基底細胞癌
1749004,術後乳癌
1749008,乳癌
1749009,乳癌再発
1749011,乳腺悪性腫瘍
1749015,乳房悪性腫瘍
1749017,乳房肉腫
1799003,子宮癌
1799004,子宮癌再発
1799005,子宮肉腫
1799006,子宮平滑筋肉腫
1799007,子宮内膜間質肉腫
1800003,子宮頚管癌
1809004,子宮頚癌
1810001,絨毛癌
1820002,子宮体癌
1820003,子宮体癌再発
1820005,子宮内膜癌
1830003,卵巣悪性腫瘍
1830005,卵巣癌
1830008,卵巣肉腫
1830009,卵巣未分化胚細胞腫
1830013,胚細胞腫
1830014,卵巣絨毛癌
1830027,卵巣胎児性癌
1832003,卵管癌
1841002,大陰唇癌
1842002,小陰唇癌
1843002,陰核癌
1844003,外陰癌
1844007,外陰悪性黒色腫
1859003,前立腺癌
1859004,前立腺肉腫
1869005,精巣悪性腫瘍
1869014,精巣癌
1874002,陰茎癌
1887002,尿膜管癌
1889005,膀胱癌
1890009,腎癌
1890010,腎細胞癌
1890014,腎悪性腫瘍
1891003,腎盂癌
1891005,腎盂乳頭状癌
1892003,尿管癌
1893003,尿道癌
1901002,眼窩悪性腫瘍
1901006,眼窩悪性リンパ腫
1905003,網膜芽細胞腫
1905005,網膜膠腫
1906004,脈絡膜悪性黒色腫
1906005,脈絡膜転移癌
1910001,大脳悪性腫瘍
1910003,大脳深部神経膠腫
1915008,脳室上衣腫
1916006,小脳星細胞腫
1917002,橋神経膠腫
1917003,中脳神経膠腫
1917004,脳幹悪性腫瘍
1917005,脳幹神経膠腫
1919002,悪性神経膠腫
1919003,延髄神経膠腫
1919004,海綿芽細胞腫
1919007,乏突起神経膠腫
1919008,上衣芽細胞腫
1919009,上衣腫
1919015,神経膠腫
1919020,髄芽腫
1919022,星細胞腫
1919023,星状芽細胞腫
1919027,多発性神経膠腫
1919049,原発性脳腫瘍
1919057,原線維性星細胞腫
1919058,毛様細胞性星細胞腫
1920002,視神経膠腫
1921002,テント上下悪性髄膜腫
1921003,テント上下神経膠腫
1921005,悪性髄膜腫
1921008,髄膜癌腫症
1921019,肉腫性髄膜腫
1922001,悪性脊髄腫瘍
1922003,脊髄神経膠腫
1923001,悪性脊髄髄膜腫
1929010,神経節芽細胞腫
1930010,甲状腺乳頭癌
1939001,悪性甲状腺腫
1939003,甲状腺悪性腫瘍
1939005,甲状腺癌
1939006,甲状腺髄様癌
1939009,甲状腺未分化癌
1939010,甲状腺濾胞癌
1940009,副腎癌
1941004,副甲状腺癌
1950005,頚部悪性腫瘍
1950007,頚部癌
1950008,頭頚部癌
1958001,脊索腫
1958002,仙骨部脊索腫
1960005,頚部リンパ節転移
1969001,リンパ節転移
1970005,転移性肺癌
1970006,転移性肺腫瘍
1971002,転移性縦隔腫瘍
1972003,転移性胸膜腫瘍
1972004,癌性胸膜炎
1976001,癌性腹膜炎
1977005,転移性肝癌
1977006,転移性肝腫瘍
1980004,転移性腎腫瘍
1981002,転移性膀胱癌
1982004,転移性皮膚腫瘍
1982005,乳癌皮膚転移
1983001,テント上下転移性腫瘍
1983003,後頭部転移性腫瘍
1983005,前頭部転移性腫瘍
1983006,側頭部転移性腫瘍
1983009,大脳深部転移性腫瘍
1983014,転移性脊髄腫瘍
1983019,転移性脳腫瘍
1983025,脊髄播種
1984001,転移性脊髄硬膜外腫瘍
1984002,転移性脊髄硬膜内髄外腫瘍
1985007,骨転移癌
1985008,骨盤転移
1985010,子宮癌骨転移
1985023,転移性骨腫瘍
1985024,転移性頭蓋骨腫瘍
1985025,乳癌骨転移
1986005,転移性卵巣癌
1988009,頚部転移性腫瘍
1990004,全身性転移性癌
1990009,多発性癌転移
1990013,重複癌
1991004,悪性奇形腫
1991011,原発不明癌
1991019,転移性腫瘍
1991030,卵巣癌全身転移
1991086,胎児性癌
1991089,内胚葉洞腫瘍
2001018,リンパ管肉腫
2012002,ホジキンリンパ腫
2022001,セザリー症候群
2028005,悪性リンパ腫
2028006,胃悪性リンパ腫
2028011,十二指腸悪性リンパ腫
2028012,縦隔悪性リンパ腫
2028017,非ホジキンリンパ腫
2028041,甲状腺悪性リンパ腫
2028045,悪性線維性組織球腫
2028046,悪性顆粒細胞腫
2028047,軟部悪性巨細胞腫
2028048,扁桃悪性リンパ腫
2030003,多発性骨髄腫
2031001,形質細胞白血病
2040003,急性リンパ性白血病
2041001,慢性リンパ性白血病
2049003,リンパ性白血病
2049005,前リンパ球性白血病
2050003,急性骨髄性白血病
2050004,急性前骨髄球性白血病
2050008,急性骨髄単球性白血病
2051004,慢性骨髄性白血病
2051005,慢性骨髄単球性白血病
2059002,骨髄性白血病
2060001,急性単球性白血病
2070003,赤白血病
2080001,急性白血病
2081001,慢性白血病
2089006,白血病
2089007,非定型的白血病
2126005,胸腺カルチノイド
2251005,嗅神経芽腫
2251006,嗅神経上皮腫
2280108,悪性血管外皮腫
2354005,腹膜偽粘液腫
2355001,消化管カルチノイド
2386002,形質細胞腫
2398068,転移性心腫瘍
2399009,中皮腫
2399014,悪性中皮腫
2733003,原発性マクログロブリン血症
4239002,癌性心膜炎
7103002,悪性腫瘍合併皮膚筋炎
7895002,癌性腹水
8830132,ＲＡＥＢ−ｔ
8830149,Ｔゾーンリンパ腫
8830206,悪性インスリノーマ
8830207,悪性褐色細胞腫
8830211,悪性グロームス腫瘍
8830213,悪性腫瘍
8830214,悪性腫瘍に伴う貧血
8830216,悪性膵内分泌腫瘍
8830217,悪性組織球症
8830218,悪性組織球症性関節症
8830219,悪性虫垂粘液瘤
8830220,悪性脳腫瘍
8830221,悪性脳髄膜腫
8830222,悪性肥満細胞腫
8830411,胃悪性黒色腫
8830421,胃カルチノイド
8830612,胃幽門部癌
8830620,陰茎亀頭部癌
8830632,陰茎体部癌
8830633,陰茎肉腫
8830639,陰茎包皮部癌
8830683,陰のう癌
8830837,腋窩癌
8830917,炎症性乳癌
8831084,下咽頭後部癌
8831087,下咽頭肉腫
8831189,角膜の悪性腫瘍
8831206,下肢悪性腫瘍
8831237,下唇癌
8831259,仮声帯癌
8831458,下葉肺癌
8831468,カルチノイド
8831475,肝悪性腫瘍
8831492,肝カルチノイド
8831494,肝外胆管癌
8831496,肝芽腫
8831498,肝奇形腫
8831501,肝血管肉腫
8831610,汗腺癌
8831666,肝のう胞腺癌
8831674,肝平滑筋肉腫
8831679,肝門部癌
8831682,肝弯曲部癌
8831684,外陰悪性腫瘍
8831889,癌
8831992,眼瞼皮膚の悪性腫瘍
8832025,癌性悪液質
8832027,癌性ニューロパチー
8832030,癌性貧血
8832157,気管支癌
8832258,臼後部癌
8832328,急性巨核芽球性白血病
8832351,急性骨髄線維症
8832487,胸腔内リンパ節の悪性腫瘍
8832563,頬粘膜癌
8832584,胸部癌
8832601,胸部神経芽腫
8832798,くすぶり型白血病
8832841,クルッケンベルグ腫瘍
8832856,クロム親和性芽細胞腫
8832993,頚部原発腫瘍
8833002,頚部神経芽腫
8833010,頚部転移性腺癌
8833011,頚部肉腫
8833186,結膜の悪性腫瘍
8833282,限局性中皮腫
8833339,好塩基球性白血病
8833363,口蓋癌
8833364,口蓋弓癌
8833368,口蓋垂癌
8833379,膠芽腫
8833402,口腔前庭癌
8833430,硬口蓋癌
8833489,口唇皮膚悪性腫瘍
8833529,甲状軟骨の悪性腫瘍
8833605,喉頭蓋前面癌
8833609,喉頭蓋谷癌
8833643,後頭葉悪性腫瘍
8833668,後腹膜悪性腫瘍
8833700,肛門管癌
8833788,骨悪性線維性組織球腫
8833789,骨悪性リンパ腫
8833800,骨原性肉腫
8833810,骨髄単球性白血病
8833817,骨線維肉腫
8833822,骨軟骨肉腫
8833837,骨盤内リンパ節の悪性腫瘍
8833843,骨盤部神経芽腫
8833886,混合型白血病
8833932,細気管支肺胞上皮癌
8833941,鰓原性癌
8833984,細網肉腫
8834006,鎖骨上転移性腫瘍
8834242,子宮断端癌
8834243,子宮腟部癌
8834279,篩骨洞癌
8834368,脂腺癌
8834569,主気管支の悪性腫瘍
8834684,松果体芽腫
8834687,松果体未分化胚細胞腫
8834757,小唾液腺癌
8834823,踵部皮膚癌
8834848,食道癌肉腫
8834863,食道平滑筋肉腫
8834979,唇交連癌
8835082,心臓悪性腫瘍
8835085,心臓横紋筋肉腫
8835087,心臓血管肉腫
8835094,心臓線維肉腫
8835098,心臓粘液肉腫
8835141,心膜中皮腫
8835158,耳介癌
8835189,耳下部肉腫
8835192,耳管癌
8835199,軸椎脊索腫
8835273,縦隔神経芽腫
8835301,十二指腸平滑筋肉腫
8835375,上咽頭後壁癌
8835376,上咽頭上壁癌
8835377,上咽頭前壁癌
8835378,上咽頭側壁癌
8835381,上顎骨悪性腫瘍
8835397,上顎洞癌
8835410,上行結腸平滑筋肉腫
8835420,上肢悪性腫瘍
8835450,上唇癌
8835466,上皮腫
8835493,上葉肺癌
8835564,女性性器癌
8835635,腎肉腫
8835653,膵管癌
8835659,膵頚部癌
8835701,膵内胆管癌
8835710,膵尾部癌
8835803,髄膜白血病
8835828,頭蓋部脊索腫
8835850,精索肉腫
8835893,精巣奇形癌
8835894,精巣奇形腫
8835900,精巣絨毛癌
8835901,精巣上体癌
8835911,精巣胎児性癌
8835914,精巣肉腫
8835947,精のう癌
8835953,精のう肉腫
8835959,声門下癌
8835961,声門癌
8835963,声門上癌
8836022,脊椎転移
8836066,線維脂肪肉腫
8836097,仙骨軟骨肉腫
8836428,舌下面癌
8836431,舌根部癌
8836443,舌縁癌
8836461,舌背癌
8836486,前額部皮膚癌
8836560,前頭洞癌
8836571,前頭葉悪性腫瘍
8836676,総胆管癌
8836758,側頭葉悪性腫瘍
8836801,鼡径部リンパ節転移
8836884,胎芽性肉腫
8836910,胎児性精巣腫瘍
8837022,多発性骨髄腫性関節症
8837107,単球性白血病
8837158,胆のう管癌
8837166,胆のう癌
8837187,胆のう肉腫
8837310,大腿骨骨肉腫
8837313,大腿骨転移性骨腫瘍
8837348,大腿部脂肪肉腫
8837351,大腿線維肉腫
8837362,大唾液腺癌
8837363,大腸悪性リンパ腫
8837365,大腸カルチノイド
8837377,大腸肉腫
8837452,男性性器癌
8837471,恥骨軟骨肉腫
8837487,腟悪性黒色腫
8837496,腟癌
8837552,中咽頭側壁癌
8837553,中咽頭肉腫
8837666,中葉肺癌
8837688,腸間膜悪性腫瘍
8837699,腸間膜肉腫
8837710,蝶形骨洞癌
8837734,聴神経膠腫
8837776,直腸悪性黒色腫
8837779,直腸カルチノイド
8837869,低形成性白血病
8837917,手部悪性軟部腫瘍
8837926,転移性後腹膜腫瘍
8837928,転移性消化器腫瘍
8837929,転移性小腸腫瘍
8837930,転移性膵腫瘍
8837931,転移性大腸腫瘍
8837932,転移性腟腫瘍
8837933,転移性脾腫瘍
8837934,転移性副腎腫瘍
8837935,転移性扁平上皮癌
8838059,頭頂葉悪性腫瘍
8838307,内耳癌
8838349,軟口蓋癌
8838381,肉腫
8838402,二次性白血病
8838464,乳房下外側部乳癌
8838465,乳房下内側部乳癌
8838466,乳房外パジェット病
8838475,乳房上外側部乳癌
8838476,乳房上内側部乳癌
8838483,乳房中央部乳癌
8838489,乳房パジェット病
8838508,尿管口部膀胱癌
8838552,尿道傍腺の悪性腫瘍
8838679,脳悪性リンパ腫
8838712,脳室悪性腫瘍
8838716,脳神経悪性腫瘍
8838754,脳胚細胞腫瘍
8838804,肺カルチノイド
8838844,肺腺癌
8838852,肺大細胞癌
8838898,肺扁平上皮癌
8838901,肺胞上皮癌
8838904,肺未分化癌
8838956,白血病性関節症
8839024,ハンド・シューラー・クリスチャン病
8839053,バーキットリンパ腫
8839110,馬尾上衣腫
8839345,脾の悪性腫瘍
8839361,皮膚境界部悪性黒色腫
8839375,皮膚脂肪肉腫
8839403,肥満細胞性白血病
8839429,脾弯曲部癌
8839482,鼻前庭癌
8839511,鼻中隔癌
8839547,びまん性中皮腫
8839655,腹腔内リンパ節の悪性腫瘍
8839656,腹腔リンパ節転移
8839677,副腎悪性腫瘍
8839687,副腎髄質の悪性腫瘍
8839697,副腎皮質癌
8839703,副腎皮質の悪性腫瘍
8839723,腹部悪性腫瘍
8839730,腹部神経芽腫
8839761,腹膜悪性腫瘍
8839762,腹膜癌
8839764,腹膜中皮腫
8839765,腹膜転移
8840005,扁桃窩癌
8840039,ベンスジョーンズ型多発性骨髄腫
8840102,ホルモン産生精巣腫瘍
8840121,膀胱円蓋部膀胱癌
8840128,膀胱頚部膀胱癌
8840132,膀胱後壁部膀胱癌
8840134,膀胱三角部膀胱癌
8840137,膀胱前壁部膀胱癌
8840138,膀胱側壁部膀胱癌
8840140,膀胱肉腫
8840149,紡錘形細胞肉腫
8840249,末期癌
8840254,末梢神経悪性腫瘍
8840258,末梢性Ｔ細胞リンパ腫
8840368,慢性単球性白血病
8840562,免疫増殖性小腸疾患
8840604,毛包癌
8840746,有棘細胞癌
8840817,腰椎骨肉腫
8840887,卵黄のう腫瘍
8840901,ランゲルハンス細胞組織球症
8840960,梨状陥凹癌
8841093,輪状後部癌
8841107,リンパ芽球性リンパ腫
8841113,リンパ腫
8841114,リンパ腫様丘疹症
8841165,レッテラー・ジーベ病
8841201,レンネルトリンパ腫
8841259,肋骨転移
8841315,イートン・ランバート症候群
8841397,濾胞性リンパ腫
8841420,癌性ニューロミオパチー
8841441,癌性ミエロパチー
8841644,肝門部胆管癌
8841651,慢性骨髄性白血病急性転化
8841652,慢性骨髄性白血病慢性期
8841653,慢性骨髄性白血病移行期
8842031,皮膚白血病
8842032,皮膚悪性腫瘍
8842053,非小細胞肺癌
8842057,肺大細胞神経内分泌癌
8842090,骨髄腫腎
8842097,肺好酸球性肉芽腫症
8842111,スキルス胃癌
8842124,多発性骨髄腫骨髄浸潤
8842125,骨髄性白血病骨髄浸潤
8842126,成人Ｔ細胞白血病骨髄浸潤
8842127,リンパ性白血病骨髄浸潤
8842177,菌状息肉症
8842185,小細胞肺癌
8842312,ＭＡＬＴリンパ腫
8842314,腹膜播種
8842315,痔瘻癌
8842453,ＫＩＴ（ＣＤ１１７）陽性消化管間質腫瘍
8842556,下顎歯肉癌
8842557,下顎歯肉頬移行部癌
8842559,下肢悪性黒色腫
8842560,下唇赤唇部癌
8842562,眼瞼悪性黒色腫
8842577,口唇悪性黒色腫
8842578,口唇境界部癌
8842579,口唇赤唇部癌
8842593,上顎結節部癌
8842594,上顎歯肉癌
8842595,上顎歯肉頬移行部癌
8842596,上肢悪性黒色腫
8842597,上唇赤唇部癌
8842603,舌尖癌
8842627,鼻腔悪性黒色腫
8842658,悪性下垂体腫瘍
8842659,悪性胸膜中皮腫
8842660,悪性心膜中皮腫
8842661,悪性停留精巣
8842662,悪性頭蓋咽頭腫
8842663,悪性脳室髄膜腫
8842664,悪性腹膜中皮腫
8842665,悪性葉状腫瘍
8842666,胃管癌
8842667,胃癌骨転移
8842670,遺伝性大腸癌
8842671,遺伝性非ポリポーシス大腸癌
8842678,会陰部パジェット病
8842679,腋窩リンパ節転移
8842690,下部胆管癌
8842692,肝癌骨転移
8842695,外陰部パジェット病
8842697,眼窩神経芽腫
8842701,胸部下部食道癌
8842702,胸部上部食道癌
8842703,胸部中部食道癌
8842710,頚動脈小体悪性腫瘍
8842712,頚部皮膚悪性腫瘍
8842713,原始神経外胚葉腫瘍
8842717,後縦隔悪性腫瘍
8842718,甲状腺癌骨転移
8842719,肛門悪性黒色腫
8842721,肛門部皮膚癌
8842722,肛門扁平上皮癌
8842724,骨膜性骨肉腫
8842736,鎖骨上リンパ節転移
8842739,子宮頚部微小浸潤癌
8842743,松果体悪性腫瘍
8842744,食道悪性黒色腫
8842745,食道横紋筋肉腫
8842747,食道カルチノイド
8842748,食道基底細胞癌
8842749,食道偽肉腫
8842751,食道小細胞癌
8842753,食道腺癌
8842754,食道腺様のう胞癌
8842755,食道粘表皮癌
8842756,食道表在癌
8842757,食道未分化癌
8842758,神経芽腫
8842759,進行乳癌
8842764,縦隔リンパ節転移
8842770,上部胆管癌
8842771,腎癌骨転移
8842774,膵腺房細胞癌
8842781,前縦隔悪性腫瘍
8842788,前立腺癌骨転移
8842789,前立腺神経内分泌癌
8842793,側頭葉膠芽腫
8842802,大腸粘液癌
8842805,中縦隔悪性腫瘍
8842807,中部胆管癌
8842808,直腸Ｓ状部結腸癌
8842810,転移性直腸腫瘍
8842825,乳頭悪性黒色腫
8842830,肺癌骨転移
8842831,肺癌肉腫
8842832,肺腺扁平上皮癌
8842833,肺腺様のう胞癌
8842834,肺粘表皮癌
8842835,肺門部肺癌
8842841,皮膚悪性線維性組織球腫
8842847,ぶどう膜悪性黒色腫
8842867,毛様体悪性腫瘍
8842897,顆粒球肉腫
8842905,胸椎転移
8842916,混合型肝癌
8842921,指状嵌入細胞肉腫
8842929,若年性骨髄単球性白血病
8842982,非定型慢性骨髄性白血病
8843015,腰椎転移
8843022,濾胞樹状細胞腫瘍
8843069,腫瘍随伴症候群
8843072,食道癌骨転移
8843075,膵臓癌骨転移
8843085,大腸癌骨転移
8843088,直腸癌骨転移
8843320,口腔悪性黒色腫
8843374,膵芽腫
8843434,転移性下顎癌
8843435,転移性胸壁腫瘍
8843436,転移性口腔癌
8843437,転移性上顎癌
8843438,転移性舌癌
8844042,頚部悪性リンパ腫
8844043,結腸悪性リンパ腫
8844058,小腸悪性リンパ腫
8844062,心臓悪性リンパ腫
8844083,直腸悪性リンパ腫
8844084,転移性十二指腸癌
8844100,腹部皮膚線維肉腫
8844101,腹部隆起性皮膚線維肉腫
8844125,下顎悪性エナメル上皮腫
8844128,下顎骨悪性腫瘍
8844153,顎下部悪性腫瘍
8844192,口底癌
8844240,上顎悪性エナメル上皮腫
8844259,膵管内管状腺癌
8844262,膵管内乳頭粘液性腺癌
8844265,膵漿液性のう胞腺癌
8844267,膵体尾部癌
8844269,膵粘液性のう胞腺癌
8844316,バレット食道癌
8844349,悪性リンパ腫骨髄浸潤
8844442,骨髄転移
8844478,上行結腸カルチノイド
8844547,虫垂カルチノイド
8844591,副甲状腺悪性腫瘍
8844618,メルケル細胞癌
8844619,盲腸カルチノイド
8844630,エクリン汗孔癌
8844689,気管支リンパ節転移
8844722,子宮頚部腺癌
8844873,骨盤内リンパ節転移
8844929,ＶＩＰ産生腫瘍
8844932,胃脂肪肉腫
8844935,陰のう内脂肪肉腫
8844941,下腿脂肪肉腫
8844946,肝脂肪肉腫
8844954,胸壁脂肪肉腫
8844955,胸膜脂肪肉腫
8844956,巨大後腹膜脂肪肉腫
8844960,頚部脂肪肉腫
8844962,結腸脂肪肉腫
8844965,肩甲部脂肪肉腫
8844967,後腹膜脂肪肉腫
8844972,坐骨直腸窩脂肪肉腫
8844981,小腸脂肪肉腫
8844982,食道脂肪肉腫
8844983,心臓脂肪肉腫
8844985,縦隔脂肪肉腫
8844986,上咽頭脂肪肉腫
8844988,上腕脂肪肉腫
8844989,腎周囲脂肪肉腫
8844991,膵脂肪肉腫
8844996,精索脂肪肉腫
8844999,舌脂肪肉腫
8845004,鼡径部脂肪肉腫
8845012,大網脂肪肉腫
8845015,腸間膜脂肪肉腫
8845017,直腸脂肪肉腫
8845022,頭部脂肪肉腫
8845025,乳房脂肪肉腫
8845028,背部脂肪肉腫
8845030,脾脂肪肉腫
8845033,腹部脂肪肉腫
8845040,腰部脂肪肉腫
8845115,悪性ソマトスタチノーマ
8845120,顔面皮膚癌
8845127,頬部皮膚癌
8845183,パンコースト症候群
8845209,足部悪性軟部腫瘍
8845226,下腿悪性軟部腫瘍
8845247,癌関連網膜症
8845248,癌性リンパ管症
8845258,胸部悪性軟部腫瘍
8845270,頚部悪性軟部腫瘍
8845282,骨盤内悪性軟部腫瘍
8845283,骨盤部悪性軟部腫瘍
8845326,上腕悪性軟部腫瘍
8845335,腎盂腺癌
8845336,腎盂尿路上皮癌
8845337,腎盂扁平上皮癌
8845359,前腕悪性軟部腫瘍
8845406,大腿悪性軟部腫瘍
8845443,転移性子宮癌
8845444,殿部悪性軟部腫瘍
8845450,乳頭部乳癌
8845451,乳房境界部乳癌
8845452,乳輪部乳癌
8845454,尿管尿路上皮癌
8845456,尿道尿路上皮癌
8845468,背部悪性軟部腫瘍
8845485,腹部悪性軟部腫瘍
8845493,膀胱尿路上皮癌
8845494,膀胱扁平上皮癌
8845584,多部位リンパ節転移
8845628,趾悪性黒色腫
8845629,趾爪下悪性黒色腫
8845636,陰茎パジェット病
8845637,陰のうパジェット病
8845641,下顎部悪性黒色腫
8845642,下腿部悪性黒色腫
8845644,顔面悪性黒色腫
8845651,頬部悪性黒色腫
8845652,胸部悪性黒色腫
8845655,頚部悪性黒色腫
8845660,後腹膜リンパ節転移
8845661,項部悪性黒色腫
8845662,肛門周囲パジェット病
8845664,臍部悪性黒色腫
8845668,膝部悪性黒色腫
8845671,手指悪性黒色腫
8845672,手指爪下悪性黒色腫
8845673,手掌部悪性黒色腫
8845674,手背部悪性黒色腫
8845676,踵部悪性黒色腫
8845679,耳介悪性黒色腫
8845683,上腕部悪性黒色腫
8845689,前額部悪性黒色腫
8845691,前腕部悪性黒色腫
8845692,足底部悪性黒色腫
8845693,足背部悪性黒色腫
8845694,足部悪性黒色腫
8845695,鼡径部悪性黒色腫
8845704,大腿部悪性黒色腫
8845706,大動脈周囲リンパ節転移
8845708,肘部悪性黒色腫
8845709,腸骨リンパ節転移
8845710,殿部悪性黒色腫
8845713,頭部悪性黒色腫
8845717,背部悪性黒色腫
8845718,肺門リンパ節転移
8845728,脾門部リンパ節転移
8845730,鼻部悪性黒色腫
8845733,腹部悪性黒色腫
8845738,腰部悪性黒色腫
8845846,悪性末梢神経鞘腫
8845848,胃ＭＡＬＴリンパ腫
8845849,胃小弯部癌
8845852,胃大弯部癌
8845855,腋窩悪性末梢神経鞘腫
8845859,下顎部横紋筋肉腫
8845865,下腿悪性線維性組織球腫
8845866,下腿横紋筋肉腫
8845867,下腿滑膜肉腫
8845868,下腿線維肉腫
8845869,下腿淡明細胞肉腫
8845870,下腿平滑筋肉腫
8845871,下腿胞巣状軟部肉腫
8845872,下腿類上皮肉腫
8845879,眼窩横紋筋肉腫
8845882,顔面横紋筋肉腫
8845887,頬部横紋筋肉腫
8845888,頬部血管肉腫
8845889,胸壁悪性線維性組織球腫
8845890,胸壁悪性末梢神経鞘腫
8845891,胸壁横紋筋肉腫
8845892,胸壁血管肉腫
8845893,胸壁線維肉腫
8845894,胸壁淡明細胞肉腫
8845897,頚部悪性線維性組織球腫
8845898,頚部悪性末梢神経鞘腫
8845899,頚部横紋筋肉腫
8845900,頚部滑膜肉腫
8845901,頚部血管肉腫
8845904,肩部悪性線維性組織球腫
8845905,肩部悪性末梢神経鞘腫
8845906,肩部横紋筋肉腫
8845907,肩部滑膜肉腫
8845908,肩部線維肉腫
8845909,肩部淡明細胞肉腫
8845910,肩部胞巣状軟部肉腫
8845919,甲状腺ＭＡＬＴリンパ腫
8845920,後腹膜悪性線維性組織球腫
8845921,後腹膜悪性末梢神経鞘腫
8845922,後腹膜横紋筋肉腫
8845923,後腹膜血管肉腫
8845924,後腹膜線維肉腫
8845925,後腹膜平滑筋肉腫
8845926,股関節部滑膜肉腫
8845935,膝関節部滑膜肉腫
8845936,膝部悪性線維性組織球腫
8845937,膝部淡明細胞肉腫
8845938,膝部胞巣状軟部肉腫
8845939,手関節部滑膜肉腫
8845942,手部悪性線維性組織球腫
8845943,手部横紋筋肉腫
8845944,手部滑膜肉腫
8845945,手部淡明細胞肉腫
8845946,手部類上皮肉腫
8845951,小腸平滑筋肉腫
8845958,上腕悪性線維性組織球腫
8845959,上腕悪性末梢神経鞘腫
8845960,上腕横紋筋肉腫
8845961,上腕滑膜肉腫
8845962,上腕線維肉腫
8845963,上腕淡明細胞肉腫
8845964,上腕胞巣状軟部肉腫
8845965,上腕類上皮肉腫
8845971,精巣悪性リンパ腫
8845972,精巣横紋筋肉腫
8845979,前立腺横紋筋肉腫
8845980,前立腺小細胞癌
8845981,前腕悪性線維性組織球腫
8845982,前腕横紋筋肉腫
8845983,前腕滑膜肉腫
8845984,前腕線維肉腫
8845985,前腕胞巣状軟部肉腫
8845986,前腕類上皮肉腫
8845990,足関節部滑膜肉腫
8845991,足部横紋筋肉腫
8845992,足部滑膜肉腫
8845993,足部淡明細胞肉腫
8845994,足部類上皮肉腫
8845995,鼡径部悪性線維性組織球腫
8845996,鼡径部横紋筋肉腫
8845997,鼡径部滑膜肉腫
8845999,淡明細胞肉腫
8846000,大腿悪性線維性組織球腫
8846001,大腿悪性末梢神経鞘腫
8846002,大腿横紋筋肉腫
8846003,大腿滑膜肉腫
8846004,大腿血管肉腫
8846005,大腿平滑筋肉腫
8846006,大腿胞巣状軟部肉腫
8846007,大腿類上皮肉腫
8846008,大腸ＭＡＬＴリンパ腫
8846010,中咽頭後壁癌
8846013,肘部滑膜肉腫
8846014,肘部線維肉腫
8846015,肘部類上皮肉腫
8846016,腸間膜平滑筋肉腫
8846017,直腸ＭＡＬＴリンパ腫
8846018,直腸平滑筋肉腫
8846021,転移性骨腫瘍による大腿骨骨折
8846022,殿部悪性線維性組織球腫
8846023,殿部悪性末梢神経鞘腫
8846024,殿部横紋筋肉腫
8846025,殿部滑膜肉腫
8846026,殿部血管肉腫
8846027,殿部線維肉腫
8846028,殿部平滑筋肉腫
8846029,殿部胞巣状軟部肉腫
8846030,頭部悪性線維性組織球腫
8846031,頭部横紋筋肉腫
8846032,頭部滑膜肉腫
8846033,頭部血管肉腫
8846037,膿胸関連リンパ腫
8846038,肺ＭＡＬＴリンパ腫
8846039,背部悪性線維性組織球腫
8846040,背部横紋筋肉腫
8846048,腹部平滑筋肉腫
8846049,腹壁悪性線維性組織球腫
8846050,腹壁横紋筋肉腫
8846051,腹壁線維肉腫
8846066,腰部悪性線維性組織球腫
8846068,類上皮肉腫
8846240,胃悪性間葉系腫瘍
8846283,子宮癌肉腫
8846289,食道悪性間葉系腫瘍
8846346,マントル細胞リンパ腫
8846347,卵巣癌肉腫
8846350,Ｐｈ陽性急性リンパ性白血病
8846359,下顎骨骨肉腫
8846375,胸骨骨肉腫
8846376,胸椎骨肉腫
8846377,胸椎脊索腫
8846378,距骨骨肉腫
8846380,脛骨近位端骨肉腫
8846381,脛骨骨肉腫
8846382,頚椎骨肉腫
8846383,頚椎脊索腫
8846386,肩甲骨骨肉腫
8846387,骨盤骨肉腫
8846389,鎖骨骨肉腫
8846391,趾骨骨肉腫
8846393,斜台部脊索腫
8846394,尺骨骨肉腫
8846395,手指骨骨肉腫
8846396,踵骨骨肉腫
8846399,十二指腸神経内分泌腫瘍
8846403,上顎骨骨肉腫
8846405,上腕骨骨肉腫
8846411,仙骨骨肉腫
8846421,大腿骨遠位端骨肉腫
8846422,大腿骨近位端骨肉腫
8846423,恥骨骨肉腫
8846432,頭蓋骨骨肉腫
8846433,頭蓋底骨肉腫
8846434,頭蓋底脊索腫
8846435,橈骨骨肉腫
8846442,腓骨骨肉腫
8846454,腰椎脊索腫
8846455,肋骨骨肉腫
8846467,異形成母斑症候群
8846470,腋窩悪性黒色腫
8846471,腋窩基底細胞癌
8846473,腋窩パジェット病
8846474,腋窩皮膚癌
8846476,腋窩有棘細胞癌
8846480,回腸カルチノイド
8846484,下顎部基底細胞癌
8846485,下顎部皮膚癌
8846487,下顎部有棘細胞癌
8846488,下眼瞼悪性黒色腫
8846489,下眼瞼基底細胞癌
8846490,下眼瞼皮膚癌
8846492,下眼瞼有棘細胞癌
8846494,下口唇悪性黒色腫
8846495,下口唇基底細胞癌
8846497,下口唇皮膚癌
8846499,下口唇有棘細胞癌
8846505,下腿基底細胞癌
8846508,下腿皮膚癌
8846512,下腿有棘細胞癌
8846528,環指悪性黒色腫
8846529,環指基底細胞癌
8846533,環指皮膚癌
8846536,環指有棘細胞癌
8846543,顔面基底細胞癌
8846552,顔面有棘細胞癌
8846553,気管支カルチノイド
8846561,胸部基底細胞癌
8846564,胸部皮膚癌
8846565,胸部有棘細胞癌
8846567,頬部基底細胞癌
8846569,頬部有棘細胞癌
8846572,空腸カルチノイド
8846573,脛骨ユーイング肉腫
8846576,頚部基底細胞癌
8846578,頚部皮膚癌
8846581,頚部有棘細胞癌
8846582,肩甲骨ユーイング肉腫
8846583,肩部悪性黒色腫
8846584,肩部基底細胞癌
8846586,肩部皮膚癌
8846588,肩部有棘細胞癌
8846596,後頭葉膠芽腫
8846597,後頭葉神経膠腫
8846598,項部基底細胞癌
8846599,項部皮膚癌
8846601,項部有棘細胞癌
8846602,肛門部悪性黒色腫
8846603,肛門部基底細胞癌
8846605,肛門部有棘細胞癌
8846607,骨盤ユーイング肉腫
8846611,臍部基底細胞癌
8846612,臍部皮膚癌
8846614,臍部有棘細胞癌
8846617,膝部基底細胞癌
8846618,膝部皮膚癌
8846620,膝部有棘細胞癌
8846622,手掌基底細胞癌
8846624,手掌皮膚癌
8846626,手掌有棘細胞癌
8846628,手背皮膚癌
8846629,手背部基底細胞癌
8846631,手背有棘細胞癌
8846632,手部悪性黒色腫
8846633,手部基底細胞癌
8846635,手部皮膚癌
8846637,手部有棘細胞癌
8846648,小指悪性黒色腫
8846649,小指基底細胞癌
8846653,小指皮膚癌
8846656,小指有棘細胞癌
8846657,小腸カルチノイド
8846659,小脳膠芽腫
8846660,小脳神経膠腫
8846661,小脳上衣腫
8846662,踵部基底細胞癌
8846664,踵部有棘細胞癌
8846680,示指悪性黒色腫
8846681,示指基底細胞癌
8846685,示指皮膚癌
8846688,示指有棘細胞癌
8846689,耳前部悪性黒色腫
8846690,耳前部基底細胞癌
8846691,耳前部皮膚癌
8846693,耳前部有棘細胞癌
8846699,上眼瞼悪性黒色腫
8846700,上眼瞼基底細胞癌
8846702,上眼瞼皮膚癌
8846704,上眼瞼有棘細胞癌
8846705,上口唇悪性黒色腫
8846706,上口唇基底細胞癌
8846708,上口唇皮膚癌
8846710,上口唇有棘細胞癌
8846715,上腕基底細胞癌
8846716,上腕骨ユーイング肉腫
8846717,上腕皮膚癌
8846720,上腕有棘細胞癌
8846721,腎カルチノイド
8846726,膵頭部カルチノイド
8846729,正中型口腔底癌
8846730,正中型口底癌
8846732,脊髄上衣腫
8846734,仙骨部悪性黒色腫
8846735,仙骨部基底細胞癌
8846736,仙骨部皮膚癌
8846738,仙骨部有棘細胞癌
8846739,仙骨ユーイング肉腫
8846741,前額部基底細胞癌
8846743,前額部有棘細胞癌
8846744,前胸部悪性黒色腫
8846745,前胸部基底細胞癌
8846746,前胸部皮膚癌
8846748,前胸部有棘細胞癌
8846752,前頭葉膠芽腫
8846753,前頭葉神経膠腫
8846755,前腕基底細胞癌
8846757,前腕皮膚癌
8846761,前腕有棘細胞癌
8846763,側胸部悪性黒色腫
8846764,側胸部基底細胞癌
8846765,側胸部皮膚癌
8846767,側胸部有棘細胞癌
8846768,足底基底細胞癌
8846770,足底皮膚癌
8846772,足底有棘細胞癌
8846774,側頭葉神経膠腫
8846775,足背基底細胞癌
8846776,足背皮膚癌
8846778,足背有棘細胞癌
8846779,足部基底細胞癌
8846782,足部皮膚癌
8846784,足部有棘細胞癌
8846785,側方型口腔底癌
8846786,側方型口底癌
8846787,鼡径部基底細胞癌
8846788,鼡径部パジェット病
8846789,鼡径部皮膚癌
8846791,鼡径部有棘細胞癌
8846805,胆のうカルチノイド
8846807,第２趾悪性黒色腫
8846808,第２趾基底細胞癌
8846809,第２趾皮膚癌
8846812,第２趾有棘細胞癌
8846813,第３趾悪性黒色腫
8846814,第３趾基底細胞癌
8846815,第３趾皮膚癌
8846818,第３趾有棘細胞癌
8846819,第４趾悪性黒色腫
8846820,第４趾基底細胞癌
8846821,第４趾皮膚癌
8846824,第４趾有棘細胞癌
8846825,第４脳室上衣腫
8846826,第５趾悪性黒色腫
8846827,第５趾基底細胞癌
8846828,第５趾皮膚癌
8846831,第５趾有棘細胞癌
8846833,大腿基底細胞癌
8846835,大腿骨ユーイング肉腫
8846839,大腿皮膚癌
8846843,大腿有棘細胞癌
8846856,中指悪性黒色腫
8846857,中指基底細胞癌
8846860,中指皮膚癌
8846863,中指有棘細胞癌
8846864,肘部基底細胞癌
8846865,肘部皮膚癌
8846867,肘部有棘細胞癌
8846868,腸骨ユーイング肉腫
8846874,殿部基底細胞癌
8846876,殿部皮膚癌
8846878,殿部有棘細胞癌
8846880,頭頂葉膠芽腫
8846881,頭頂葉神経膠腫
8846882,頭部基底細胞癌
8846885,頭部有棘細胞癌
8846889,乳頭基底細胞癌
8846890,乳頭皮膚癌
8846892,乳頭有棘細胞癌
8846893,脳幹膠芽腫
8846896,背部基底細胞癌
8846899,背部皮膚癌
8846901,背部有棘細胞癌
8846907,鼻尖悪性黒色腫
8846908,鼻尖基底細胞癌
8846909,鼻尖皮膚癌
8846911,鼻尖有棘細胞癌
8846912,鼻背悪性黒色腫
8846913,鼻背基底細胞癌
8846914,鼻背皮膚癌
8846916,鼻背有棘細胞癌
8846917,鼻部基底細胞癌
8846918,鼻部皮膚癌
8846920,鼻部有棘細胞癌
8846921,鼻翼悪性黒色腫
8846922,鼻翼基底細胞癌
8846923,鼻翼皮膚癌
8846925,鼻翼有棘細胞癌
8846930,腹部基底細胞癌
8846934,腹部皮膚癌
8846936,腹部有棘細胞癌
8846956,母指悪性黒色腫
8846957,母趾悪性黒色腫
8846958,母指基底細胞癌
8846959,母趾基底細胞癌
8846963,母指皮膚癌
8846964,母趾皮膚癌
8846969,母指有棘細胞癌
8846970,母趾有棘細胞癌
8846979,腰部基底細胞癌
8846981,腰部皮膚癌
8846983,腰部有棘細胞癌
8846984,卵巣カルチノイド
8846987,肋骨ユーイング肉腫
8847052,虫垂杯細胞カルチノイド
8847055,転移性気管腫瘍
8847126,転移性鼻腔癌
8847137,副咽頭間隙悪性腫瘍
8847152,ＰＯＥＭＳ症候群
8847155,悪性ガストリノーマ
8847156,悪性グルカゴノーマ
8847157,アルファ重鎖病
8847165,ガンマ重鎖病
8847175,形質細胞性骨髄腫
8847180,骨外性形質細胞腫
8847182,孤立性骨形質細胞腫
8847201,重鎖病
8847202,十二指腸悪性ガストリノーマ
8847203,十二指腸悪性ソマトスタチノーマ
8847242,肺癌による閉塞性肺炎
8847250,非分泌型骨髄腫
8847258,無症候性骨髄腫
8847271,ＡＬＫ陰性未分化大細胞リンパ腫
8847272,ＡＬＫ融合遺伝子陽性非小細胞肺癌
8847273,ＡＬＫ陽性大細胞型Ｂ細胞性リンパ腫
8847274,ＡＬＫ陽性未分化大細胞リンパ腫
8847275,ＢＣＲ−ＡＢＬ１陽性Ｂリンパ芽球性白血病
8847276,ＢＣＲ−ＡＢＬ１陽性Ｂ−ＡＬＬ／ＬＢＬ
8847277,ＢＣＲ−ＡＢＬ１陽性Ｂ−ＬＢＬ
8847278,Ｂ細胞性前リンパ球性白血病
8847279,Ｂリンパ芽球性白血病
8847280,Ｂリンパ芽球性白血病／リンパ腫
8847281,Ｂリンパ芽球性リンパ腫
8847282,ＣＣＲ４陽性成人Ｔ細胞白血病リンパ腫
8847283,Ｅ２Ａ−ＰＢＸ１陽性Ｂリンパ芽球性白血病
8847284,Ｅ２Ａ−ＰＢＸ１陽性Ｂ−ＡＬＬ／ＬＢＬ
8847285,Ｅ２Ａ−ＰＢＸ１陽性Ｂ−ＬＢＬ
8847286,ＨＨＶ８キャッスルマン病随伴ＬＢＣＬ
8847289,ＩＬ３−ＩＧＨ陽性Ｂリンパ芽球性白血病
8847290,ＩＬ３−ＩＧＨ陽性Ｂ−ＡＬＬ／ＬＢＬ
8847291,ＩＬ３−ＩＧＨ陽性Ｂリンパ芽球性リンパ腫
8847292,ＭＬＬ再構成型Ｂリンパ芽球性白血病
8847293,ＭＬＬ再構成型Ｂ−ＡＬＬ／ＬＢＬ
8847294,ＭＬＬ再構成型Ｂリンパ芽球性リンパ腫
8847295,ＴＥＬ−ＡＭＬ１陽性Ｂリンパ芽球性白血病
8847296,ＴＥＬ−ＡＭＬ１陽性Ｂ−ＡＬＬ／ＬＢＬ
8847297,ＴＥＬ−ＡＭＬ１陽性Ｂ−ＬＢＬ
8847298,Ｔ細胞性前リンパ球白血病
8847299,Ｔ細胞性大顆粒リンパ球白血病
8847300,Ｔ細胞組織球豊富型ＬＢＣＬ
8847301,Ｔリンパ芽球性白血病
8847302,Ｔリンパ芽球性白血病／リンパ腫
8847303,Ｔリンパ芽球性リンパ腫
8847304,アグレッシブＮＫ細胞白血病
8847305,鞍上部胚細胞腫瘍
8847306,胃原発絨毛癌
8847307,胃胚細胞腫瘍
8847308,下腿隆起性皮膚線維肉腫
8847309,肩隆起性皮膚線維肉腫
8847312,肝脾Ｔ細胞リンパ腫
8847320,顔面隆起性皮膚線維肉腫
8847322,頬部隆起性皮膚線維肉腫
8847323,胸部隆起性皮膚線維肉腫
8847324,形質芽球性リンパ腫
8847325,頚部隆起性皮膚線維肉腫
8847326,血管内大細胞型Ｂ細胞性リンパ腫
8847327,血管免疫芽球性Ｔ細胞リンパ腫
8847328,結節硬化型古典的ホジキンリンパ腫
8847329,結節性リンパ球優位型ホジキンリンパ腫
8847331,原発性滲出性リンパ腫
8847332,原発性皮膚濾胞中心リンパ腫
8847333,高２倍体性Ｂリンパ芽球性白血病
8847334,高２倍体性Ｂリンパ芽球性白血病／リンパ腫
8847335,高２倍体性Ｂリンパ芽球性リンパ腫
8847336,後腹膜胚細胞腫瘍
8847337,高齢者ＥＢＶ陽性ＤＬＢＣＬ
8847338,古典的ホジキンリンパ腫
8847339,混合細胞型古典的ホジキンリンパ腫
8847340,鎖骨部隆起性皮膚線維肉腫
8847347,手指隆起性皮膚線維肉腫
8847348,種痘様水疱症様リンパ腫
8847349,手部隆起性皮膚線維肉腫
8847350,松果体胚細胞腫瘍
8847351,小児ＥＢＶ陽性Ｔ細胞リンパ増殖性疾患
8847352,小児急性リンパ性白血病
8847354,小児節性辺縁帯リンパ腫
8847355,小児全身性ＥＢＶ陽性Ｔ細胞リンパ増殖疾患
8847357,小児濾胞性リンパ腫
8847359,小リンパ球性リンパ腫
8847360,趾隆起性皮膚線維肉腫
8847364,縦隔原発大細胞型Ｂ細胞性リンパ腫
8847365,縦隔胚細胞腫瘍
8847366,縦隔卵黄のう腫瘍
8847370,上腕隆起性皮膚線維肉腫
8847374,成人Ｔ細胞白血病リンパ腫
8847375,成人Ｔ細胞白血病リンパ腫・急性型
8847376,成人Ｔ細胞白血病リンパ腫・くすぶり型
8847377,成人Ｔ細胞白血病リンパ腫・慢性型
8847378,成人Ｔ細胞白血病リンパ腫・リンパ腫型
8847379,精巣胚細胞腫瘍
8847380,精巣卵黄のう腫瘍
8847381,節外性ＮＫ／Ｔ細胞リンパ腫・鼻型
8847382,節性辺縁帯リンパ腫
8847385,仙尾部胚細胞腫瘍
8847388,前腕隆起性皮膚線維肉腫
8847390,足部隆起性皮膚線維肉腫
8847395,大腿隆起性皮膚線維肉腫
8847396,中枢神経系原発ＤＬＢＣＬ
8847399,肘部隆起性皮膚線維肉腫
8847400,腸管症関連Ｔ細胞リンパ腫
8847401,低２倍体性Ｂリンパ芽球性白血病
8847402,低２倍体性Ｂリンパ芽球性白血病／リンパ腫
8847403,低２倍体性Ｂリンパ芽球性リンパ腫
8847404,殿部隆起性皮膚線維肉腫
8847406,頭蓋内胚細胞腫瘍
8847407,頭部隆起性皮膚線維肉腫
8847409,背部隆起性皮膚線維肉腫
8847411,バーキット白血病
8847412,脾Ｂ細胞性リンパ腫／白血病・分類不能型
8847413,皮下脂肪織炎様Ｔ細胞リンパ腫
8847414,脾びまん性赤脾髄小Ｂ細胞性リンパ腫
8847415,皮膚原発ＣＤ３０陽性Ｔ細胞リンパ増殖疾患
8847416,皮膚原発性γδＴ細胞リンパ腫
8847417,皮膚原発性未分化大細胞リンパ腫
8847418,皮膚原発ＤＬＢＣＬ・下肢型
8847419,脾辺縁帯リンパ腫
8847420,ＤＬＢＣＬ・バーキット中間型リンパ腫
8847421,ＤＬＢＣＬ・ＣＨＬ中間型リンパ腫
8847422,びまん性大細胞型Ｂ細胞性リンパ腫
8847426,ヘアリー細胞白血病
8847427,ヘアリー細胞白血病亜型
8847430,末梢性Ｔ細胞リンパ腫・詳細不明
8847431,慢性ＮＫ細胞リンパ増殖性疾患
8847432,慢性炎症関連ＤＬＢＣＬ
8847433,未分化大細胞リンパ腫
8847434,ミュー重鎖病
8847437,卵巣胚細胞腫瘍
8847438,卵巣卵黄のう腫瘍
8847439,リンパ球減少型古典的ホジキンリンパ腫
8847440,リンパ球豊富型古典的ホジキンリンパ腫
8847441,リンパ形質細胞性リンパ腫
8847442,リンパ腫様肉芽腫症
8847444,濾胞性リンパ腫・グレード１
8847445,濾胞性リンパ腫・グレード２
8847446,濾胞性リンパ腫・グレード３ａ
8847447,濾胞性リンパ腫・グレード３ｂ
8847463,胸膜播種
8847538,透析腎癌
8847590,延髄星細胞腫
8847594,下葉小細胞肺癌
8847595,下葉肺腺癌
8847596,下葉肺大細胞癌
8847597,下葉肺扁平上皮癌
8847598,下葉非小細胞肺癌
8847608,頚髄星細胞腫
8847614,膠肉腫
8847615,視床下部星細胞腫
8847616,視床星細胞腫
8847623,松果体部膠芽腫
8847626,小脳毛様細胞性星細胞腫
8847633,上葉小細胞肺癌
8847634,上葉肺腺癌
8847635,上葉肺大細胞癌
8847636,上葉肺扁平上皮癌
8847637,上葉非小細胞肺癌
8847646,脊髄星細胞腫
8847648,前頭葉星細胞腫
8847649,前頭葉退形成性星細胞腫
8847654,側頭葉星細胞腫
8847655,側頭葉退形成性星細胞腫
8847656,側頭葉毛様細胞性星細胞腫
8847657,退形成性星細胞腫
8847660,中葉小細胞肺癌
8847661,中葉肺腺癌
8847662,中葉肺大細胞癌
8847663,中葉肺扁平上皮癌
8847664,中葉非小細胞肺癌
8847667,頭頂葉星細胞腫
8847669,脳幹部星細胞腫
8847675,肺門部小細胞癌
8847676,肺門部腺癌
8847677,肺門部大細胞癌
8847678,肺門部非小細胞癌
8847679,肺門部扁平上皮癌
8847681,びまん性星細胞腫
8847687,下咽頭披裂喉頭蓋ひだ癌
8847692,肝細胞癌破裂
8847694,眼瞼脂腺癌
8847696,顔面脂腺癌
8847700,頚部脂腺癌
8847721,頭部脂腺癌
8847727,披裂喉頭蓋ひだ下咽頭面癌
8847728,披裂喉頭蓋ひだ喉頭面癌
8847732,ＥＧＦＲ遺伝子変異陽性非小細胞肺癌
8847757,子宮峡部癌
8847758,子宮底癌
8847793,転移性篩骨洞癌
8847794,転移性上顎洞癌
8847795,転移性前頭洞癌
8847796,転移性蝶形骨洞癌
8847797,転移性副鼻腔癌
8847798,転移性腹壁腫瘍
8847827,ＫＩＴ（ＣＤ１１７）陽性胃消化管間質腫瘍
8847828,ＫＩＴ（ＣＤ１１７）結腸消化管間質腫瘍
8847829,ＫＩＴ（ＣＤ１１７）小腸消化管間質腫瘍
8847830,ＫＩＴ（ＣＤ１１７）食道消化管間質腫瘍
8847831,ＫＩＴ（ＣＤ１１７）直腸消化管間質腫瘍
8847834,悪性小脳腫瘍
8847835,悪性傍神経節腫
8847839,胃消化管間質腫瘍
8847841,イマチニブ耐性消化管間質腫瘍
8847842,回腸消化管間質腫瘍
8847847,眼角基底細胞癌
8847848,眼角皮膚癌
8847849,眼角有棘細胞癌
8847850,癌性胸水
8847854,空腸消化管間質腫瘍
8847856,結腸消化管間質腫瘍
8847857,原発性悪性脳腫瘍
8847858,小腸消化管間質腫瘍
8847859,食道消化管間質腫瘍
8847871,十二指腸消化管間質腫瘍
8847882,退形成性上衣腫
8847884,大網消化管間質腫瘍
8847885,腸間膜消化管間質腫瘍
8847886,直腸消化管間質腫瘍
8847915,ＫＲＡＳ遺伝子野生型結腸癌
8847916,ＫＲＡＳ遺伝子野生型直腸癌
8847923,下顎部メルケル細胞癌
8847926,下腿メルケル細胞癌
8847932,眼瞼メルケル細胞癌
8847935,顔面メルケル細胞癌
8847940,胸部メルケル細胞癌
8847941,頬部メルケル細胞癌
8847944,頚部メルケル細胞癌
8847947,肩部メルケル細胞癌
8847949,口唇メルケル細胞癌
8847953,項部メルケル細胞癌
8847957,膝部メルケル細胞癌
8847958,趾メルケル細胞癌
8847960,手指メルケル細胞癌
8847962,手部メルケル細胞癌
8847965,耳介メルケル細胞癌
8847970,上腕メルケル細胞癌
8847975,前額部メルケル細胞癌
8847978,前腕メルケル細胞癌
8847983,足部メルケル細胞癌
8847986,鼡径部メルケル細胞癌
8847990,大腿メルケル細胞癌
8847993,殿部メルケル細胞癌
8847997,頭部メルケル細胞癌
8848001,背部メルケル細胞癌
8848008,腹部メルケル細胞癌
8848024,胃前庭部癌
8848027,陰茎悪性黒色腫
8848028,陰茎有棘細胞癌
8848029,陰のう悪性黒色腫
8848030,陰のう有棘細胞癌
8848036,外陰部有棘細胞癌
8848040,去勢抵抗性前立腺癌
8848043,限局性前立腺癌
8848047,後腹膜神経芽腫
8848065,食道胃接合部癌
8848066,進行性前立腺癌
8848074,前立腺癌再発
8848098,副腎神経芽腫
8848110,ＣＣＲ４陽性皮膚Ｔ細胞リンパ腫
8848111,ＣＣＲ４陽性末梢性Ｔ細胞リンパ腫
8848131,結腸間膜悪性腫瘍
8848150,線維形成性小円形細胞腫瘍
8848153,大網悪性腫瘍
8848159,転移性前立腺腫瘍
8848162,皮膚Ｔ細胞リンパ腫
8848215,胆のう神経内分泌癌
8848232,下顎骨軟骨肉腫
8848236,がん性皮膚潰瘍
8848237,胸骨軟骨肉腫
8848238,胸椎軟骨肉腫
8848240,脛骨軟骨肉腫
8848241,頚椎転移
8848242,頚椎軟骨肉腫
8848243,肩甲骨軟骨肉腫
8848249,骨盤軟骨肉腫
8848252,鎖骨軟骨肉腫
8848256,指骨軟骨肉腫
8848257,趾骨軟骨肉腫
8848260,膝蓋骨軟骨肉腫
8848264,尺骨軟骨肉腫
8848265,手根骨軟骨肉腫
8848270,上顎骨軟骨肉腫
8848273,上腕骨軟骨肉腫
8848274,腎明細胞肉腫
8848275,腎ラブドイド腫瘍
8848280,足根骨軟骨肉腫
8848286,大腿骨軟骨肉腫
8848288,中手骨軟骨肉腫
8848290,中足骨軟骨肉腫
8848291,腸骨軟骨肉腫
8848294,頭蓋底軟骨肉腫
8848296,橈骨軟骨肉腫
8848301,腓骨軟骨肉腫
8848304,副鼻腔軟骨肉腫
8848308,腰椎軟骨肉腫
8848309,肋骨軟骨肉腫
8848313,ＢＲＡＦ遺伝子変異陽性悪性黒色腫
8848334,グルーブ膵癌
8848359,腎芽腫
8848402,内リンパのう腫瘍
8848431,ＣＤ２０陽性Ｂ細胞性非ホジキンリンパ腫
8848447,悪性軟部腫瘍
8848452,鞍結節部悪性髄膜腫
8848467,円蓋部悪性髄膜腫
8848468,円蓋部血管周皮腫
8848470,横隔膜転移
8848483,芽球性形質細胞様樹状細胞腫瘍
8848488,胸部平滑筋肉腫
8848506,肩部悪性軟部腫瘍
8848536,膝部悪性軟部腫瘍
8848537,膝部悪性末梢神経鞘腫
8848547,小脳橋角部悪性髄膜腫
8848548,小脳テント血管周皮腫
8848567,上腕平滑筋肉腫
8848597,前腕平滑筋肉腫
8848609,大脳鎌悪性髄膜腫
8848610,大脳鎌血管周皮腫
8848615,中頭蓋窩血管周皮腫
8848617,蝶形骨縁悪性髄膜腫
8848619,テント上血管周皮腫
8848621,頭蓋内血管周皮腫
8848646,乳房血管肉腫
8848647,乳房線維肉腫
8848653,背部悪性末梢神経鞘腫
8848654,背部平滑筋肉腫
8848664,腹部悪性末梢神経鞘腫
8848672,傍矢状洞悪性髄膜腫
8848689,胃周囲リンパ節転移
8848690,異所性乳癌
8848695,肝門部リンパ節転移
8848703,胸骨傍リンパ節転移
8848712,再発卵巣癌
8848716,子宮体部悪性腫瘍
8848717,子宮類内膜腺癌
8848720,小脳乏突起神経膠腫
8848722,浸潤性乳管癌
8848725,縦隔絨毛癌
8848726,縦隔セミノーマ
8848732,前縦隔セミノーマ
8848733,前頭葉退形成性乏突起膠腫
8848734,前頭葉乏突起神経膠腫
8848735,側頭葉退形成性乏突起膠腫
8848736,側頭葉乏突起神経膠腫
8848738,退形成性乏突起膠腫
8848739,退形成性乏突起星細胞腫
8848741,胎盤内絨毛癌
8848743,多発乳癌
8848745,大脳乏突起神経膠腫
8848748,腸間膜リンパ節転移
8848749,直腸Ｓ状部悪性腫瘍
8848765,低分化型セルトリ・ライディック細胞腫
8848766,頭頂葉退形成性乏突起膠腫
8848767,頭頂葉乏突起神経膠腫
8848773,乳頭腺管癌
8848775,肺絨毛癌
8848783,非定型奇形腫様／ラブドイド腫瘍
8848795,卵巣漿液性腺癌
8848796,卵巣小細胞癌
8848799,卵巣扁平上皮癌
8848800,卵巣未熟奇形腫
8848801,卵巣明細胞腺癌
8848802,卵巣類内膜腺癌
8848806,アポクリン腺癌
8848807,陰茎アポクリン腺癌
8848808,腋窩アポクリン腺癌
8848809,外陰部アポクリン腺癌
8848810,胸部アポクリン腺癌
8848813,後縦隔脂肪肉腫
8848822,前縦隔脂肪肉腫
8848843,腋窩部乳癌
8848883,子宮頚部境界部癌
8848924,精巣セミノーマ
8848925,精母細胞性セミノーマ
8848981,転移性乳癌
8848997,傍腫瘍性辺縁系脳炎
8849004,卵巣成熟のう胞性奇形腫・悪性転化
8849005,卵巣粘液性腺癌
8849015,肝胎芽性肉腫
8849059,Ｂ細胞性非ホジキンリンパ腫
8849061,Ｓ状結腸神経内分泌細胞癌
8849062,Ｓ状結腸神経内分泌腫瘍
8849064,胃神経内分泌細胞癌
8849065,胃神経内分泌腫瘍
8849076,横行結腸神経内分泌細胞癌
8849077,横行結腸神経内分泌腫瘍
8849078,回腸神経内分泌細胞癌
8849079,回腸神経内分泌腫瘍
8849082,下行結腸神経内分泌細胞癌
8849083,下行結腸神経内分泌腫瘍
8849102,空腸神経内分泌細胞癌
8849103,空腸神経内分泌腫瘍
8849104,結腸神経内分泌細胞癌
8849105,結腸神経内分泌腫瘍
8849122,小腸神経内分泌細胞癌
8849123,小腸神経内分泌腫瘍
8849124,食道神経内分泌細胞癌
8849125,食道神経内分泌腫瘍
8849127,神経内分泌細胞癌
8849128,神経内分泌細胞癌・原発部位不明
8849129,神経内分泌腫瘍
8849130,神経内分泌腫瘍・原発部位不明
8849134,充実性偽乳頭状腫瘍
8849135,十二指腸神経内分泌細胞癌
8849137,上行結腸神経内分泌細胞癌
8849138,上行結腸神経内分泌腫瘍
8849167,大腸神経内分泌細胞癌
8849168,大腸神経内分泌腫瘍
8849175,虫垂神経内分泌腫瘍
8849176,直腸神経内分泌細胞癌
8849177,直腸神経内分泌腫瘍
8849183,乳腺硬癌
8849184,乳腺充実腺管癌
8849216,盲腸神経内分泌細胞癌
8849217,盲腸神経内分泌腫瘍
8849238,ＲＯＳ１融合遺伝子陽性非小細胞肺癌
8849267,顔面骨悪性腫瘍
8849269,胸骨悪性腫瘍
8849270,胸椎悪性腫瘍
8849277,距骨悪性腫瘍
8849282,脛骨悪性腫瘍
8849283,脛骨遠位部悪性骨腫瘍
8849285,脛骨近位部悪性骨腫瘍
8849287,脛骨骨幹部悪性骨腫瘍
8849290,頚椎悪性腫瘍
8849295,肩甲骨悪性腫瘍
8849301,後頭骨悪性腫瘍
8849304,骨盤骨悪性腫瘍
8849307,鎖骨悪性腫瘍
8849310,坐骨悪性腫瘍
8849312,趾基節骨悪性腫瘍
8849313,指基節骨悪性腫瘍
8849316,趾骨悪性腫瘍
8849317,指骨悪性腫瘍
8849320,趾中節骨悪性腫瘍
8849321,指中節骨悪性腫瘍
8849324,膝蓋骨悪性腫瘍
8849327,趾末節骨悪性腫瘍
8849328,指末節骨悪性腫瘍
8849331,尺骨悪性腫瘍
8849333,腫瘍性胸椎病的骨折
8849334,腫瘍性手指病的骨折
8849335,腫瘍性上腕骨病的骨折
8849336,腫瘍性脊椎病的骨折
8849337,腫瘍性仙骨病的骨折
8849338,腫瘍性第１・２胸椎病的骨折
8849339,腫瘍性第２腰椎病的骨折
8849340,腫瘍性第３腰椎病的骨折
8849341,腫瘍性第４腰椎病的骨折
8849342,腫瘍性第５腰椎病的骨折
8849343,腫瘍性大腿骨病的骨折
8849344,腫瘍性恥骨病的骨折
8849345,腫瘍性病的骨折
8849346,腫瘍性腰椎病的骨折
8849347,腫瘍性肋骨病的骨折
8849348,踵骨悪性腫瘍
8849352,耳介基底細胞癌
8849357,上腕骨悪性腫瘍
8849358,上腕骨遠位部悪性骨腫瘍
8849360,上腕骨近位部悪性骨腫瘍
8849362,上腕骨骨幹部悪性骨腫瘍
8849370,脊椎悪性腫瘍
8849372,仙骨悪性腫瘍
8849379,前頭骨悪性腫瘍
8849382,足根骨悪性腫瘍
8849384,足舟状骨悪性腫瘍
8849386,側頭骨悪性腫瘍
8849392,大腿骨悪性腫瘍
8849393,大腿骨遠位部悪性骨腫瘍
8849395,大腿骨近位部悪性骨腫瘍
8849397,大腿骨骨幹部悪性骨腫瘍
8849401,恥骨悪性腫瘍
8849403,中手骨悪性腫瘍
8849405,中足骨悪性腫瘍
8849407,蝶形骨悪性腫瘍
8849409,腸骨悪性腫瘍
8849416,頭蓋底悪性腫瘍
8849418,橈骨悪性腫瘍
8849420,頭頂骨悪性腫瘍
8849432,腓骨悪性腫瘍
8849433,腓骨遠位部悪性骨腫瘍
8849435,腓骨近位部悪性骨腫瘍
8849437,腓骨骨幹部悪性骨腫瘍
8849446,尾骨悪性腫瘍
8849483,腰椎悪性腫瘍
8849494,肋軟骨悪性腫瘍
8849496,肋骨悪性腫瘍
8849672,脳梁膠芽腫
8849679,噴門食道接合部癌
8849682,慢性活動性ＥＢウイルス感染症
8849698,ＨＥＲ２陽性胃癌
8849699,ＨＥＲ２陽性乳癌
8849702,ＮＫ細胞白血病
8849705,悪性骨巨細胞腫
8849706,悪性ラブドイド腫瘍
8849716,下顎エナメル上皮癌
8849720,下顎幻影細胞性歯原性癌
8849722,下顎原発性骨内癌
8849723,下顎硬化性歯原性癌
8849724,下顎歯原性癌肉腫
8849725,下顎歯原性肉腫
8849730,下顎明細胞性歯原性癌
8849738,急性骨髄性白血病・最未分化型
8849750,骨髄異形成関連変化を伴う急性骨髄性白血病
8849753,混合性胚細胞腫瘍
8849759,小児胸膜肺芽腫
8849768,上顎エナメル上皮癌
8849772,上顎幻影細胞性歯原性癌
8849774,上顎原発性骨内癌
8849775,上顎硬化性歯原性癌
8849776,上顎歯原性肉腫
8849781,上顎明細胞性歯原性癌
8849786,成熟を伴う急性骨髄性白血病
8849787,成熟を伴わない急性骨髄性白血病
8849788,成人型肺芽腫
8849815,乳癌局所再発
8849816,乳癌術後胸壁再発
8849837,分類不能の骨髄異形成及び骨髄増殖性腫瘍
8849841,未分化肉腫
8849851,リンチ症候群
8849858,ＦＬＴ３−ＩＴＤ変異陽性急性骨髄性白血病
8849880,遠位胆管癌
8849887,下顎骨間葉性軟骨肉腫
8849890,下顎骨骨膜性骨肉腫
8849891,下顎骨低悪性中心性骨肉腫
8849892,下顎骨軟骨芽細胞型骨肉腫
8849896,下顎骨傍骨性骨肉腫
8849901,下唇腺房細胞癌
8849902,下唇腺様のう胞癌
8849904,下唇粘表皮癌
8849923,顎下腺腺房細胞癌
8849924,顎下腺腺様のう胞癌
8849925,顎下腺粘表皮癌
8849929,頬粘膜腺房細胞癌
8849930,頬粘膜腺様のう胞癌
8849932,頬粘膜粘表皮癌
8849955,口蓋腺房細胞癌
8849956,口蓋腺様のう胞癌
8849957,口蓋粘表皮癌
8849959,硬口蓋腺房細胞癌
8849960,硬口蓋腺様のう胞癌
8849962,硬口蓋粘表皮癌
8849964,甲状腺低分化癌
8849986,小唾液腺腺房細胞癌
8849987,小唾液腺腺様のう胞癌
8849989,小唾液腺粘表皮癌
8849993,耳下腺腺房細胞癌
8849994,耳下腺腺様のう胞癌
8849995,耳下腺粘表皮癌
8849998,上顎骨間葉性軟骨肉腫
8850001,上顎骨骨膜性骨肉腫
8850002,上顎骨低悪性中心性骨肉腫
8850003,上顎骨軟骨芽細胞型骨肉腫
8850007,上顎骨傍骨性骨肉腫
8850013,上唇腺房細胞癌
8850014,上唇腺様のう胞癌
8850016,上唇粘表皮癌
8850028,舌下腺腺房細胞癌
8850029,舌下腺腺様のう胞癌
8850031,舌下腺粘表皮癌
8850059,唾液腺腺房細胞癌
8850060,唾液腺腺様のう胞癌
8850061,唾液腺粘表皮癌
8850072,軟口蓋腺房細胞癌
8850073,軟口蓋腺様のう胞癌
8850074,軟口蓋粘表皮癌
8850191,視床膠芽腫
8850206,腫瘍随伴性小脳変性症
8850262,鼡径部悪性軟部腫瘍
8850285,転移性軟部腫瘍
8850324,鼻涙管癌
8850330,傍腫瘍性オプソクローヌス・ミオクローヌス
8850361,涙のう悪性腫瘍
8850368,Ｓ状結腸神経内分泌癌
8850380,胃神経内分泌癌
8850387,横行結腸神経内分泌癌
8850391,回腸神経内分泌癌
8850394,下行結腸神経内分泌癌
8850402,眼内悪性リンパ腫
8850407,胸部食道悪性黒色腫
8850410,空腸神経内分泌癌
8850413,頚部食道悪性黒色腫
8850414,結腸神経内分泌癌
8850415,結膜悪性リンパ腫
8850422,骨髄性肉腫
8850443,篩骨洞悪性黒色腫
8850451,消化管神経内分泌腫瘍
8850454,小腸神経内分泌癌
8850455,食道神経内分泌癌
8850465,上顎洞悪性黒色腫
8850466,上行結腸神経内分泌癌
8850486,前頭洞悪性黒色腫
8850528,大腸神経内分泌癌
8850534,虫垂神経内分泌癌
8850535,中枢神経系原発悪性リンパ腫
8850536,蝶形骨洞悪性黒色腫
8850538,直腸Ｓ状部癌
8850539,直腸神経内分泌癌
8850563,脳悪性黒色腫
8850564,肺悪性黒色腫
8850574,腹部食道悪性黒色腫
8850592,盲腸神経内分泌癌
8850600,涙腺癌
8850631,癌肉腫
8850656,食道扁平上皮癌
8850657,食道類基底細胞癌
8850884,転移性胃癌
8850885,転移性胃腫瘍
8850886,転移性腎癌
8850887,転移性膵癌
8850888,転移性前立腺癌
8850889,転移性大腸癌
8850890,転移性腟癌
8850891,転移性直腸癌
8850904,肺ランゲルハンス細胞組織球症
8850914,ランゲルハンス細胞組織球症リスク臓器陽性
8850915,ランゲルハンス細胞組織球症リスク臓器陰性
8850916,ランゲルハンス細胞組織球症単臓器多病変
8850917,ランゲルハンス細胞組織球症単臓器単独病変
8850964,ＨＥＲ２陽性唾液腺癌
8850965,ＭＩＢＧ集積陽性褐色細胞腫
8850966,ＭＩＢＧ集積陽性傍神経節腫
8850990,鎖骨下リンパ節転移
8851008,全身リンパ節転移
8851011,多発リンパ節転移
8851034,ＨＥＲ２陽性結腸癌
8851035,ＨＥＲ２陽性直腸癌
8851135,虫垂粘液癌