請求コード,品名,ヒンメイ,単位,薬価,薬効分類
610406390,ベイスン錠０．２　０．２ｍｇ,ベイスンジョウ0.2,錠,31.5,3969004F1020
610406391,ベイスン錠０．３　０．３ｍｇ,ベイスンジョウ0.3,錠,42.7,3969004F2027
610412056,グリベンクラミド錠１．２５ｍｇ「ＥＭＥＣ」,グリベンクラミドジョウ1.25M,錠,5.6,3961003F1052
610432026,スターシス錠３０ｍｇ,スターシスジョウ30MG,錠,16.0,3969006F1020
610432027,スターシス錠９０ｍｇ,スターシスジョウ90MG,錠,40.1,3969006F2026
610432032,ファスティック錠３０　３０ｍｇ,ファスティックジョウ30,錠,16.2,3969006F1038
610432033,ファスティック錠９０　９０ｍｇ,ファスティックジョウ90,錠,40.9,3969006F2034
610432040,アクトス錠１５　１５ｍｇ,アクトスジョウ15,錠,62.8,3969007F1024
610432041,アクトス錠３０　３０ｍｇ,アクトスジョウ30,錠,117.0,3969007F2020
610443002,アマリール１ｍｇ錠,アマリール1MGジョウ,錠,15.9,3961008F1020
610443003,アマリール３ｍｇ錠,アマリール3MGジョウ,錠,37.1,3961008F2027
613960002,オイグルコン錠１．２５ｍｇ,オイグルコンジョウ1.25MG,錠,6.7,3961003F1028
613960003,オイグルコン錠２．５ｍｇ,オイグルコンジョウ2.5MG,錠,11.6,3961003F2024
613960008,クロルプロパミド錠　２５０ｍｇ,クロルプロパミドジョウ,錠,9.6,3961004F2010
613960017,ジメリン錠２５０ｍｇ,ジメリンジョウ250MG,錠,18.6,3961001F1029
613960026,トルブタミド,トルブタミド,ｇ,13.8,3961006X1019
613960027,トルブタミド錠　２５０ｍｇ,トルブタミドジョウ,錠,8.5,3961006F1013
613960028,トルブタミド錠　５００ｍｇ,トルブタミドジョウ,錠,9.6,3961006F2010
613960038,パミルコン錠１．２５ｍｇ,パミルコンジョウ1.25MG,錠,5.6,3961003F1044
613960039,パミルコン錠２．５ｍｇ,パミルコンジョウ2.5MG,錠,5.6,3961003F2040
613960081,グルコバイ錠５０ｍｇ,グルコバイジョウ50MG,錠,18.6,3969003F1026
613960082,グルコバイ錠１００ｍｇ,グルコバイジョウ100MG,錠,32.7,3969003F2022
620000048,ジメリン錠５００ｍｇ,ジメリンジョウ500MG,錠,33.4,3961001F2033
620001907,グルファスト錠５ｍｇ,グルファストジョウ5MG,錠,22.7,3969008F1029
620001908,グルファスト錠１０ｍｇ,グルファストジョウ10MG,錠,40.1,3969008F2025
620002031,グリミクロンＨＡ錠２０ｍｇ,グリミクロンHAジョウ20MG,錠,12.8,3961007F2022
620002032,グリミクロン錠４０ｍｇ,グリミクロンジョウ40MG,錠,14.5,3961007F1115
620002120,ベイスンＯＤ錠０．２　０．２ｍｇ,ベイスンODジョウ0.2,錠,31.5,3969004F3023
620002121,ベイスンＯＤ錠０．３　０．３ｍｇ,ベイスンODジョウ0.3,錠,42.7,3969004F4020
620002841,ボグリボース錠０．２「タツミ」　０．２ｍｇ,ボグリボースジョウ0.2タツミ,錠,12.3,3969004F1144
620002843,ボグリボース錠０．２ｍｇ「トーワ」,ボグリボースジョウ0.2MGトー,錠,12.3,3969004F1152
620002845,ボグリボース錠０．３「タツミ」　０．３ｍｇ,ボグリボースジョウ0.3タツミ,錠,17.0,3969004F2140
620002847,ボグリボース錠０．３ｍｇ「トーワ」,ボグリボースジョウ0.3MGトー,錠,17.0,3969004F2159
620003127,セイブル錠２５ｍｇ,セイブルジョウ25MG,錠,21.9,3969009F1023
620003128,セイブル錠５０ｍｇ,セイブルジョウ50MG,錠,37.7,3969009F2020
620003129,セイブル錠７５ｍｇ,セイブルジョウ75MG,錠,52.9,3969009F3026
620003159,ダオニール錠１．２５ｍｇ,ダオニールジョウ1.25MG,錠,6.7,3961003F1087
620003160,ダオニール錠２．５ｍｇ,ダオニールジョウ2.5MG,錠,11.6,3961003F2156
620003947,グリクラジド錠２０ｍｇ「ＮＰ」,グリクラジドジョウ20MGNP,錠,5.6,3961007F2049
620003948,グリクラジド錠４０ｍｇ「ＮＰ」,グリクラジドジョウ40MGNP,錠,5.8,3961007F1166
620004045,ベグリラート錠０．２ｍｇ,ベグリラートジョウ0.2MG,錠,12.3,3969004F1179
620004046,ベグリラート錠０．３ｍｇ,ベグリラートジョウ0.3MG,錠,17.0,3969004F2175
620004069,ボグリボースＯＤフィルム０．２「ＱＱ」　０．２ｍｇ,ボグリボースODフィルム0.2QQ,錠,16.6,3969004F3031
620004070,ボグリボースＯＤフィルム０．３「ＱＱ」　０．３ｍｇ,ボグリボースODフィルム0.3QQ,錠,23.4,3969004F4038
620004071,ボグリボース錠０．２「ＯＭＥ」　０．２ｍｇ,ボグリボースジョウ0.2OME,錠,12.3,3969004F1195
620004072,ボグリボース錠０．２ｍｇ「ＮＰ」,ボグリボースジョウ0.2MGNP,錠,12.3,3969004F1187
620004073,ボグリボース錠０．３「ＯＭＥ」　０．３ｍｇ,ボグリボースジョウ0.3OME,錠,17.0,3969004F2191
620004074,ボグリボース錠０．３ｍｇ「ＮＰ」,ボグリボースジョウ0.3MGNP,錠,17.0,3969004F2183
620004480,グリコラン錠２５０ｍｇ,グリコランジョウ250MG,錠,9.6,3962002F1071
620004502,ジベトス錠５０ｍｇ,ジベトスジョウ50MG,錠,9.6,3962001F1093
620005557,ボグリボースＯＤ錠０．２ｍｇ「ＭＥＤ」,ボグリボースODジョウ0.2MG,錠,16.6,3969004F3040
620005558,ボグリボースＯＤ錠０．２ｍｇ「ケミファ」,ボグリボースODジョウ0.2MG,錠,12.3,3969004F3058
620005559,ボグリボースＯＤ錠０．２ｍｇ「サワイ」,ボグリボースODジョウ0.2MG,錠,12.3,3969004F3066
620005560,ボグリボースＯＤ錠０．２ｍｇ「タイヨー」,ボグリボースODジョウ0.2MG,錠,12.3,3969004F3074
620005561,ボグリボースＯＤ錠０．２ｍｇ「トーワ」,ボグリボースODジョウ0.2MG,錠,12.3,3969004F3082
620005562,ボグリボースＯＤ錠０．３ｍｇ「ＭＥＤ」,ボグリボースODジョウ0.3MG,錠,23.4,3969004F4046
620005563,ボグリボースＯＤ錠０．３ｍｇ「ケミファ」,ボグリボースODジョウ0.3MG,錠,17.0,3969004F4054
620005564,ボグリボースＯＤ錠０．３ｍｇ「サワイ」,ボグリボースODジョウ0.3MG,錠,17.0,3969004F4062
620005565,ボグリボースＯＤ錠０．３ｍｇ「タイヨー」,ボグリボースODジョウ0.3MG,錠,17.0,3969004F4070
620005566,ボグリボースＯＤ錠０．３ｍｇ「トーワ」,ボグリボースODジョウ0.3MG,錠,17.0,3969004F4089
620005570,メトホルミン塩酸塩錠２５０ｍｇ「トーワ」,メトホルミンエンサンエンジョウ250M,錠,9.6,3962002F1080
620005979,ジベトンＳ腸溶錠５０ｍｇ,ジベトンSチョウヨウジョウ50MG,錠,9.6,3962001F1107
620006030,デアメリンＳ錠２５０ｍｇ,デアメリンSジョウ250MG,錠,26.9,3961002F1031
620006890,グリベンクラミド錠２．５ｍｇ「トーワ」,グリベンクラミドジョウ2.5MG,錠,5.6,3961003F2172
620008071,ボグリボースＯＤ錠０．２ｍｇ「ＭＥＥＫ」,ボグリボースODジョウ0.2MG,錠,12.3,3969004F3090
620008072,ボグリボースＯＤ錠０．２ｍｇ「タカタ」,ボグリボースODジョウ0.2MG,錠,12.3,3969004F3104
620008073,ボグリボースＯＤ錠０．２ｍｇ「日医工」,ボグリボースODジョウ0.2MG,錠,12.3,3969004F3112
620008074,ボグリボースＯＤ錠０．３ｍｇ「ＭＥＥＫ」,ボグリボースODジョウ0.3MG,錠,17.0,3969004F4097
620008075,ボグリボースＯＤ錠０．３ｍｇ「タカタ」,ボグリボースODジョウ0.3MG,錠,17.0,3969004F4100
620008076,ボグリボースＯＤ錠０．３ｍｇ「日医工」,ボグリボースODジョウ0.3MG,錠,17.0,3969004F4119
620008726,ボグリボース錠０．２ｍｇ「ＭＥＥＫ」,ボグリボースジョウ0.2MGME,錠,12.3,3969004F1225
620008727,ボグリボース錠０．２ｍｇ「ＭＥＤ」,ボグリボースジョウ0.2MGME,錠,16.6,3969004F1217
620008728,ボグリボース錠０．３ｍｇ「ＭＥＥＫ」,ボグリボースジョウ0.3MGME,錠,17.0,3969004F2221
620008729,ボグリボース錠０．３ｍｇ「ＭＥＤ」,ボグリボースジョウ0.3MGME,錠,23.4,3969004F2213
620009209,アベマイド錠２５０ｍｇ,アベマイドジョウ250MG,錠,9.6,3961004F2010
620009288,アカルボース錠５０ｍｇ「ＮＳ」,アカルボースジョウ50MGNS,錠,10.8,3969003F1069
620009289,アカルボース錠５０ｍｇ「ＪＧ」,アカルボースジョウ50MGJG,錠,10.8,3969003F1050
620009290,アカルボース錠５０ｍｇ「日医工」,アカルボースジョウ50MGニチイコウ,錠,10.8,3969003F1085
620009291,アカルボース錠５０ｍｇ「ＢＭＤ」,アカルボースジョウ50MGBMD,錠,10.8,3969003F1042
620009292,アカルボース錠５０ｍｇ「ＹＤ」,アカルボースジョウ50MGYD,錠,10.8,3969003F1077
620009293,アカルボース錠１００ｍｇ「ＮＳ」,アカルボースジョウ100MGNS,錠,19.2,3969003F2065
620009294,アカルボース錠１００ｍｇ「ＪＧ」,アカルボースジョウ100MGJG,錠,19.2,3969003F2057
620009295,アカルボース錠１００ｍｇ「日医工」,アカルボースジョウ100MGニチイコ,錠,19.2,3969003F2081
620009296,アカルボース錠１００ｍｇ「ＢＭＤ」,アカルボースジョウ100MGBMD,錠,19.2,3969003F2049
620009297,アカルボース錠１００ｍｇ「ＹＤ」,アカルボースジョウ100MGYD,錠,19.2,3969003F2073
620871407,グリベンクラミド錠１．２５ｍｇ「武田テバ」,グリベンクラミドジョウ1.25M,錠,5.6,3961003F1192
620871601,グリベンクラミド錠１．２５ｍｇ「三和」,グリベンクラミドジョウ1.25M,錠,5.6,3961003F1184
620871907,グリベンクラミド錠２．５ｍｇ「武田テバ」,グリベンクラミドジョウ2.5MG,錠,5.6,3961003F2253
620872002,グリベンクラミド錠２．５ｍｇ「サワイ」,グリベンクラミドジョウ2.5MG,錠,5.6,3961003F2229
620872003,グリベンクラミド錠２．５ｍｇ「三和」,グリベンクラミドジョウ2.5MG,錠,5.6,3961003F2245
620872004,グリベンクラミド錠２．５ｍｇ「タイヨー」,グリベンクラミドジョウ2.5MG,錠,5.6,3961003F2202
620872009,グリベンクラミド錠２．５ｍｇ「日医工」,グリベンクラミドジョウ2.5MG,錠,5.6,3961003F2210
620872016,グリベンクラミド錠２．５ｍｇ「ＪＧ」,グリベンクラミドジョウ2.5MG,錠,5.6,3961003F2237
620873202,グリクラジド錠４０ｍｇ「ＫＮ」,グリクラジドジョウ40MGKN,錠,5.8,3961007F1220
620873301,グリクラジド錠４０ｍｇ「サワイ」,グリクラジドジョウ40MGサワイ,錠,5.8,3961007F1204
620873402,グリクラジド錠４０ｍｇ「トーワ」,グリクラジドジョウ40MGトーワ,錠,5.8,3961007F1212
620873702,グリクラジド錠４０ｍｇ「日新」,グリクラジドジョウ40MGニッシ,錠,5.8,3961007F1239
621665301,ボグリボース錠０．２ｍｇ「タイヨー」,ボグリボースジョウ0.2MGタイ,錠,12.3,3969004F1233
621665401,ボグリボース錠０．３ｍｇ「タイヨー」,ボグリボースジョウ0.3MGタイ,錠,17.0,3969004F2230
621673501,ボグリボース錠０．２ｍｇ「日医工」,ボグリボースジョウ0.2MGニチ,錠,12.3,3969004F1250
621673601,ボグリボース錠０．３ｍｇ「日医工」,ボグリボースジョウ0.3MGニチ,錠,17.0,3969004F2256
621676001,メトホルミン塩酸塩錠２５０ｍｇ「ＳＮ」,メトホルミンエンサンエンジョウ250M,錠,9.6,3962002F1110
621683401,ボグリボース錠０．２ｍｇ「タカタ」,ボグリボースジョウ0.2MGタカ,錠,12.3,3969004F1241
621683501,ボグリボース錠０．３ｍｇ「タカタ」,ボグリボースジョウ0.3MGタカ,錠,17.0,3969004F2248
621689001,ボグリボース錠０．２ｍｇ「ＹＤ」,ボグリボースジョウ0.2MGYD,錠,12.3,3969004F1292
621689101,ボグリボース錠０．３ｍｇ「ＹＤ」,ボグリボースジョウ0.3MGYD,錠,17.0,3969004F2299
621689303,ボグリボース錠０．２ｍｇ「ＮＳ」,ボグリボースジョウ0.2MGNS,錠,12.3,3969004F1284
621689403,ボグリボース錠０．３ｍｇ「ＮＳ」,ボグリボースジョウ0.3MGNS,錠,17.0,3969004F2280
621690203,ボグリボース錠０．２ｍｇ「ＪＧ」,ボグリボースジョウ0.2MGJG,錠,12.3,3969004F1322
621690303,ボグリボース錠０．３ｍｇ「ＪＧ」,ボグリボースジョウ0.3MGJG,錠,17.0,3969004F2329
621690402,ボグリボース錠０．２ｍｇ「杏林」,ボグリボースジョウ0.2MGキョ,錠,12.3,3969004F1306
621690502,ボグリボース錠０．３ｍｇ「杏林」,ボグリボースジョウ0.3MGキョ,錠,17.0,3969004F2302
621690901,ボグリボース錠０．２ｍｇ「ケミファ」,ボグリボースジョウ0.2MGケミ,錠,16.6,3969004F1314
621691001,ボグリボース錠０．３ｍｇ「ケミファ」,ボグリボースジョウ0.3MGケミ,錠,23.4,3969004F2310
621691201,ボグリボース錠０．２ｍｇ「サワイ」,ボグリボースジョウ0.2MGサワ,錠,12.3,3969004F1268
621691601,ボグリボース錠０．３ｍｇ「サワイ」,ボグリボースジョウ0.3MGサワ,錠,17.0,3969004F2264
621784902,アカルボース錠５０ｍｇ「テバ」,アカルボースジョウ50MGテバ,錠,10.8,3969003F1131
621785002,アカルボース錠１００ｍｇ「テバ」,アカルボースジョウ100MGテバ,錠,19.2,3969003F2138
621896402,アカルボースＯＤ錠５０ｍｇ「テバ」,アカルボースODジョウ50MGテバ,錠,10.8,3969003F3061
621896502,アカルボースＯＤ錠１００ｍｇ「テバ」,アカルボースODジョウ100MGテハ,錠,19.2,3969003F4068
621937101,グルコバイＯＤ錠５０ｍｇ,グルコバイODジョウ50MG,錠,18.6,3969003F3037
621937201,グルコバイＯＤ錠１００ｍｇ,グルコバイODジョウ100MG,錠,32.7,3969003F4033
621942102,アカルボース錠５０ｍｇ「ファイザー」,アカルボースジョウ50MGファイザ,錠,10.8,3969003F1115
621942202,アカルボース錠１００ｍｇ「ファイザー」,アカルボースジョウ100MGファイサ,錠,19.2,3969003F2111
621943301,ボグリボースＯＤ錠０．２ｍｇ「マイラン」,ボグリボースODジョウ0.2MG,錠,12.3,3969004F3139
621943401,ボグリボースＯＤ錠０．３ｍｇ「マイラン」,ボグリボースODジョウ0.3MG,錠,17.0,3969004F4135
621950901,ジャヌビア錠２５ｍｇ,ジャヌビアジョウ25MG,錠,69.9,3969010F1034
621951001,ジャヌビア錠５０ｍｇ,ジャヌビアジョウ50MG,錠,129.5,3969010F2030
621951101,ジャヌビア錠１００ｍｇ,ジャヌビアジョウ100MG,錠,193.5,3969010F3037
621953301,ベグリラートＯＤ錠０．２ｍｇ,ベグリラートODジョウ0.2MG,錠,12.3,3969004F3120
621953401,ベグリラートＯＤ錠０．３ｍｇ,ベグリラートODジョウ0.3MG,錠,17.0,3969004F4127
621958701,アカルボース錠５０ｍｇ「サワイ」,アカルボースジョウ50MGサワイ,錠,10.8,3969003F1093
621958801,アカルボース錠１００ｍｇ「サワイ」,アカルボースジョウ100MGサワイ,錠,19.2,3969003F2090
621970601,グラクティブ錠２５ｍｇ,グラクティブジョウ25MG,錠,71.2,3969010F1026
621970701,グラクティブ錠５０ｍｇ,グラクティブジョウ50MG,錠,132.4,3969010F2022
621970801,グラクティブ錠１００ｍｇ,グラクティブジョウ100MG,錠,197.0,3969010F3029
621974701,メトグルコ錠２５０ｍｇ,メトグルコジョウ250MG,錠,9.9,3962002F2027
621980701,エクア錠５０ｍｇ,エクアジョウ50MG,錠,75.3,3969011F1020
621982701,アマリール０．５ｍｇ錠,アマリール0.5MGジョウ,錠,9.9,3961008F3023
621986001,ネシーナ錠６．２５ｍｇ,ネシーナジョウ6.25MG,錠,48.6,3969012F1025
621986101,ネシーナ錠１２．５ｍｇ,ネシーナジョウ12.5MG,錠,89.8,3969012F2021
621986201,ネシーナ錠２５ｍｇ,ネシーナジョウ25MG,錠,167.3,3969012F3028
621986301,メタクト配合錠ＬＤ,メタクトハイゴウジョウLD,錠,62.8,3969100F1020
621986401,メタクト配合錠ＨＤ,メタクトハイゴウジョウHD,錠,117.0,3969100F2027
621990901,アクトスＯＤ錠１５　１５ｍｇ,アクトスODジョウ15,錠,62.8,3969007F3027
621991001,アクトスＯＤ錠３０　３０ｍｇ,アクトスODジョウ30,錠,117.0,3969007F4023
621997001,グリメピリド錠１ｍｇ「ＢＭＤ」,グリメピリドジョウ1MGBMD,錠,9.9,3961008F1055
621997101,グリメピリド錠３ｍｇ「ＢＭＤ」,グリメピリドジョウ3MGBMD,錠,15.2,3961008F2051
621998701,グリメピリド錠１ｍｇ「ＥＭＥＣ」,グリメピリドジョウ1MGEMEC,錠,9.9,3961008F1063
621998801,グリメピリド錠３ｍｇ「ＥＭＥＣ」,グリメピリドジョウ3MGEMEC,錠,15.2,3961008F2060
621998901,グリメピリドＯＤ錠１ｍｇ「ＥＭＥＣ」,グリメピリドODジョウ1MGEM,錠,9.9,3961008F4038
621999001,グリメピリドＯＤ錠３ｍｇ「ＥＭＥＣ」,グリメピリドODジョウ3MGEM,錠,15.2,3961008F5034
621999301,グリメピリド錠１ｍｇ「オーハラ」,グリメピリドジョウ1MGオーハラ,錠,9.9,3961008F1160
621999401,グリメピリド錠３ｍｇ「オーハラ」,グリメピリドジョウ3MGオーハラ,錠,19.1,3961008F2167
621999701,グリメピリド錠１ｍｇ「ＹＤ」,グリメピリドジョウ1MGYD,錠,9.9,3961008F1128
621999801,グリメピリド錠３ｍｇ「ＹＤ」,グリメピリドジョウ3MGYD,錠,19.1,3961008F2124
622000601,グリメピリド錠１ｍｇ「アメル」,グリメピリドジョウ1MGアメル,錠,9.9,3961008F1144
622000701,グリメピリド錠３ｍｇ「アメル」,グリメピリドジョウ3MGアメル,錠,15.2,3961008F2140
622001701,グリメピリド錠１ｍｇ「ＴＣＫ」,グリメピリドジョウ1MGTCK,錠,9.9,3961008F1110
622001801,グリメピリド錠３ｍｇ「ＴＣＫ」,グリメピリドジョウ3MGTCK,錠,15.2,3961008F2116
622004702,グリメピリド錠１ｍｇ「Ｍｅ」,グリメピリドジョウ1MGME,錠,9.9,3961008F1357
622004802,グリメピリド錠３ｍｇ「Ｍｅ」,グリメピリドジョウ3MGME,錠,19.1,3961008F2353
622005501,グリメピリド錠１ｍｇ「日新」,グリメピリドジョウ1MGニッシン,錠,9.9,3961008F1276
622005601,グリメピリド錠３ｍｇ「日新」,グリメピリドジョウ3MGニッシン,錠,15.2,3961008F2272
622005802,グリクラジド錠２０ｍｇ「日新」,グリクラジドジョウ20MGニッシ,錠,5.6,3961007F2120
622008502,アカルボースＯＤ錠５０ｍｇ「ファイザー」,アカルボースODジョウ50MGファイ,錠,10.8,3969003F3053
622008602,アカルボースＯＤ錠１００ｍｇ「ファイザー」,アカルボースODジョウ100MGファ,錠,19.2,3969003F4050
622009802,グリベンクラミド錠１．２５ｍｇ「サワイ」,グリベンクラミドジョウ1.25M,錠,5.6,3961003F1168
622009901,グリメピリド錠１ｍｇ「サワイ」,グリメピリドジョウ1MGサワイ,錠,9.9,3961008F1217
622010001,グリメピリド錠３ｍｇ「サワイ」,グリメピリドジョウ3MGサワイ,錠,15.2,3961008F2213
622011401,グリメピリド錠１ｍｇ「ＫＮ」,グリメピリドジョウ1MGKN,錠,9.9,3961008F1080
622011501,グリメピリド錠３ｍｇ「ＫＮ」,グリメピリドジョウ3MGKN,錠,15.2,3961008F2086
622011601,グリメピリドＯＤ錠１ｍｇ「ＫＮ」,グリメピリドODジョウ1MGKN,錠,9.9,3961008F4046
622011701,グリメピリドＯＤ錠３ｍｇ「ＫＮ」,グリメピリドODジョウ3MGKN,錠,15.2,3961008F5042
622013401,グリベンクラミド錠１．２５ｍｇ「トーワ」,グリベンクラミドジョウ1.25M,錠,5.6,3961003F1117
622013501,グリメピリド錠１ｍｇ「トーワ」,グリメピリドジョウ1MGトーワ,錠,9.9,3961008F1250
622013601,グリメピリド錠３ｍｇ「トーワ」,グリメピリドジョウ3MGトーワ,錠,15.2,3961008F2256
622016001,グリメピリド錠１ｍｇ「科研」,グリメピリドジョウ1MGカケン,錠,9.9,3961008F1179
622016101,グリメピリド錠３ｍｇ「科研」,グリメピリドジョウ3MGカケン,錠,19.1,3961008F2175
622017301,グリメピリド錠０．５ｍｇ「三和」,グリメピリドジョウ0.5MGサン,錠,9.6,3961008F3040
622017401,グリメピリド錠１ｍｇ「三和」,グリメピリドジョウ1MGサンワ,錠,9.9,3961008F1225
622017501,グリメピリド錠３ｍｇ「三和」,グリメピリドジョウ3MGサンワ,錠,15.2,3961008F2221
622017901,グリメピリド錠１ｍｇ「タナベ」,グリメピリドジョウ1MGタナベ,錠,9.9,3961008F1241
622018001,グリメピリド錠３ｍｇ「タナベ」,グリメピリドジョウ3MGタナベ,錠,15.2,3961008F2248
622018802,グリベンクラミド錠１．２５ｍｇ「ＪＧ」,グリベンクラミドジョウ1.25M,錠,5.6,3961003F1176
622020903,グリメピリド錠１ｍｇ「ＴＹＫ」,グリメピリドジョウ1MGTYK,錠,9.9,3961008F1349
622021003,グリメピリド錠３ｍｇ「ＴＹＫ」,グリメピリドジョウ3MGTYK,錠,15.2,3961008F2345
622021801,グリメピリド錠１ｍｇ「ＡＦＰ」,グリメピリドジョウ1MGAFP,錠,9.9,3961008F1047
622021901,グリメピリド錠３ｍｇ「ＡＦＰ」,グリメピリドジョウ3MGAFP,錠,15.2,3961008F2043
622022001,グリメピリドＯＤ錠１ｍｇ「ＡＦＰ」,グリメピリドODジョウ1MGAF,錠,9.9,3961008F4020
622022101,グリメピリドＯＤ錠３ｍｇ「ＡＦＰ」,グリメピリドODジョウ3MGAF,錠,15.2,3961008F5026
622023501,グリメピリド錠１ｍｇ「ＪＧ」,グリメピリドジョウ1MGJG,錠,9.9,3961008F1071
622023601,グリメピリド錠３ｍｇ「ＪＧ」,グリメピリドジョウ3MGJG,錠,15.2,3961008F2078
622025201,グリメピリド錠１ｍｇ「ケミファ」,グリメピリドジョウ1MGケミファ,錠,9.9,3961008F1195
622025301,グリメピリド錠３ｍｇ「ケミファ」,グリメピリドジョウ3MGケミファ,錠,19.1,3961008F2191
622025801,グリメピリド錠１ｍｇ「ＡＡ」,グリメピリドジョウ1MGAA,錠,9.9,3961008F1039
622025901,グリメピリド錠３ｍｇ「ＡＡ」,グリメピリドジョウ3MGAA,錠,19.1,3961008F2035
622026501,グリメピリド錠１ｍｇ「ＺＥ」,グリメピリドジョウ1MGZE,錠,9.9,3961008F1136
622026601,グリメピリド錠３ｍｇ「ＺＥ」,グリメピリドジョウ3MGZE,錠,15.2,3961008F2132
622029901,グリメピリド錠１ｍｇ「イセイ」,グリメピリドジョウ1MGイセイ,錠,9.9,3961008F1152
622030001,グリメピリド錠３ｍｇ「イセイ」,グリメピリドジョウ3MGイセイ,錠,15.2,3961008F2159
622031401,グリメピリド錠１ｍｇ「杏林」,グリメピリドジョウ1MGキョウリ,錠,9.9,3961008F1187
622031501,グリメピリド錠３ｍｇ「杏林」,グリメピリドジョウ3MGキョウリ,錠,15.2,3961008F2183
622033001,グリメピリド錠０．５ｍｇ「ＮＰ」,グリメピリドジョウ0.5MGNP,錠,9.6,3961008F3031
622033101,グリメピリド錠１ｍｇ「ＮＰ」,グリメピリドジョウ1MGNP,錠,9.9,3961008F1101
622033201,グリメピリド錠３ｍｇ「ＮＰ」,グリメピリドジョウ3MGNP,錠,15.2,3961008F2108
622033701,グリメピリド錠１ｍｇ「モチダ」,グリメピリドジョウ1MGモチダ,錠,9.9,3961008F1292
622033801,グリメピリド錠３ｍｇ「モチダ」,グリメピリドジョウ3MGモチダ,錠,19.1,3961008F2299
622035701,グリメピリド錠１ｍｇ「日医工」,グリメピリドジョウ1MGニチイコ,錠,9.9,3961008F1268
622035801,グリメピリド錠３ｍｇ「日医工」,グリメピリドジョウ3MGニチイコ,錠,15.2,3961008F2264
622036002,グリベンクラミド錠１．２５ｍｇ「日医工」,グリベンクラミドジョウ1.25M,錠,5.6,3961003F1150
622037901,グリメピリドＯＤ錠１ｍｇ「ケミファ」,グリメピリドODジョウ1MGケミ,錠,9.9,3961008F4054
622038001,グリメピリドＯＤ錠３ｍｇ「ケミファ」,グリメピリドODジョウ3MGケミ,錠,19.1,3961008F5050
622040901,シュアポスト錠０．２５ｍｇ,シュアポストジョウ0.25MG,錠,33.4,3969013F1020
622041001,シュアポスト錠０．５ｍｇ,シュアポストジョウ0.5MG,錠,59.5,3969013F2026
622041202,ピオグリタゾン錠１５ｍｇ「ＭＥＥＫ」,ピオグリタゾンジョウ15MGME,錠,24.0,3969007F1059
622041302,ピオグリタゾン錠３０ｍｇ「ＭＥＥＫ」,ピオグリタゾンジョウ30MGME,錠,47.1,3969007F2055
622041402,ピオグリタゾンＯＤ錠１５ｍｇ「ＭＥＥＫ」,ピオグリタゾンODジョウ15MG,錠,24.0,3969007F3051
622041502,ピオグリタゾンＯＤ錠３０ｍｇ「ＭＥＥＫ」,ピオグリタゾンODジョウ30MG,錠,47.1,3969007F4058
622042901,ピオグリタゾン錠１５ｍｇ「ＥＥ」,ピオグリタゾンジョウ15MGEE,錠,24.0,3969007F1210
622043001,ピオグリタゾン錠３０ｍｇ「ＥＥ」,ピオグリタゾンジョウ30MGEE,錠,47.1,3969007F2217
622045201,ピオグリタゾン錠１５ｍｇ「タカタ」,ピオグリタゾンジョウ15MGタカ,錠,24.0,3969007F1164
622045301,ピオグリタゾン錠３０ｍｇ「タカタ」,ピオグリタゾンジョウ30MGタカ,錠,47.1,3969007F2160
622045401,ピオグリタゾンＯＤ錠１５ｍｇ「タカタ」,ピオグリタゾンODジョウ15MG,錠,24.0,3969007F3078
622045501,ピオグリタゾンＯＤ錠３０ｍｇ「タカタ」,ピオグリタゾンODジョウ30MG,錠,47.1,3969007F4074
622046801,ピオグリタゾン錠１５ｍｇ「オーハラ」,ピオグリタゾンジョウ15MGオー,錠,24.0,3969007F1113
622046901,ピオグリタゾン錠３０ｍｇ「オーハラ」,ピオグリタゾンジョウ30MGオー,錠,47.1,3969007F2110
622047701,ピオグリタゾン錠１５ｍｇ「ＺＥ」,ピオグリタゾンジョウ15MGZE,錠,24.0,3969007F1091
622047801,ピオグリタゾン錠３０ｍｇ「ＺＥ」,ピオグリタゾンジョウ30MGZE,錠,33.4,3969007F2012
622048401,ソニアス配合錠ＬＤ,ソニアスハイゴウジョウLD,錠,62.8,3969101F1025
622048501,ソニアス配合錠ＨＤ,ソニアスハイゴウジョウHD,錠,117.0,3969101F2021
622049901,ピオグリタゾン錠１５ｍｇ「アメル」,ピオグリタゾンジョウ15MGアメ,錠,24.0,3969007F1105
622050001,ピオグリタゾン錠３０ｍｇ「アメル」,ピオグリタゾンジョウ30MGアメ,錠,47.1,3969007F2101
622053101,ピオグリタゾン錠１５ｍｇ「サワイ」,ピオグリタゾンジョウ15MGサワ,錠,24.0,3969007F1130
622053201,ピオグリタゾン錠３０ｍｇ「サワイ」,ピオグリタゾンジョウ30MGサワ,錠,47.1,3969007F2136
622053601,グルベス配合錠,グルベスハイゴウジョウ,錠,47.7,3969102F1020
622053801,ピオグリタゾン錠１５ｍｇ「タナベ」,ピオグリタゾンジョウ15MGタナ,錠,24.0,3969007F1172
622055801,ピオグリタゾン錠１５ｍｇ「トーワ」,ピオグリタゾンジョウ15MGトー,錠,24.0,3969007F1180
622055901,ピオグリタゾン錠３０ｍｇ「トーワ」,ピオグリタゾンジョウ30MGトー,錠,47.1,3969007F2187
622056001,ピオグリタゾンＯＤ錠１５ｍｇ「トーワ」,ピオグリタゾンODジョウ15MG,錠,24.0,3969007F3086
622056101,ピオグリタゾンＯＤ錠３０ｍｇ「トーワ」,ピオグリタゾンODジョウ30MG,錠,47.1,3969007F4082
622058801,グリメピリド錠１ｍｇ「タイヨー」,グリメピリドジョウ1MGタイヨー,錠,9.9,3961008F1306
622058901,グリメピリド錠３ｍｇ「タイヨー」,グリメピリドジョウ3MGタイヨー,錠,15.2,3961008F2302
622059002,グリメピリドＯＤ錠１ｍｇ「テバ」,グリメピリドODジョウ1MGテハ,錠,9.9,3961008F4089
622059102,グリメピリドＯＤ錠３ｍｇ「テバ」,グリメピリドODジョウ3MGテハ,錠,15.2,3961008F5085
622059201,ピオグリタゾン錠１５ｍｇ「タイヨー」,ピオグリタゾンジョウ15MGタイ,錠,24.0,3969007F1156
622059301,ピオグリタゾン錠３０ｍｇ「タイヨー」,ピオグリタゾンジョウ30MGタイ,錠,47.1,3969007F2152
622061001,ピオグリタゾン錠３０ｍｇ「タナベ」,ピオグリタゾンジョウ30MGタナ,錠,47.1,3969007F2179
622061401,ピオグリタゾン錠１５ｍｇ「ＦＦＰ」,ピオグリタゾンジョウ15MGFF,錠,24.0,3969007F1040
622061501,ピオグリタゾン錠３０ｍｇ「ＦＦＰ」,ピオグリタゾンジョウ30MGFF,錠,47.1,3969007F2047
622061601,ピオグリタゾンＯＤ錠１５ｍｇ「ＦＦＰ」,ピオグリタゾンODジョウ15MG,錠,24.0,3969007F3043
622061701,ピオグリタゾンＯＤ錠３０ｍｇ「ＦＦＰ」,ピオグリタゾンODジョウ30MG,錠,47.1,3969007F4040
622062302,ピオグリタゾン錠１５ｍｇ「ＴＹＫ」,ピオグリタゾンジョウ15MGTY,錠,24.0,3969007F1318
622062402,ピオグリタゾン錠３０ｍｇ「ＴＹＫ」,ピオグリタゾンジョウ30MGTY,錠,47.1,3969007F2314
622063001,ピオグリタゾン錠１５ｍｇ「ＮＳ」,ピオグリタゾンジョウ15MGNS,錠,24.0,3969007F1075
622063101,ピオグリタゾン錠３０ｍｇ「ＮＳ」,ピオグリタゾンジョウ30MGNS,錠,47.1,3969007F2071
622063201,ピオグリタゾンＯＤ錠１５ｍｇ「ＮＳ」,ピオグリタゾンODジョウ15MG,錠,32.5,3969007F3060
622063301,ピオグリタゾンＯＤ錠３０ｍｇ「ＮＳ」,ピオグリタゾンODジョウ30MG,錠,47.1,3969007F4066
622065101,ピオグリタゾン錠１５ｍｇ「ＤＳＥＰ」,ピオグリタゾンジョウ15MGDS,錠,24.0,3969007F1032
622065201,ピオグリタゾン錠３０ｍｇ「ＤＳＥＰ」,ピオグリタゾンジョウ30MGDS,錠,47.1,3969007F2039
622065301,ピオグリタゾンＯＤ錠１５ｍｇ「ＤＳＥＰ」,ピオグリタゾンODジョウ15MG,錠,24.0,3969007F3035
622065401,ピオグリタゾンＯＤ錠３０ｍｇ「ＤＳＥＰ」,ピオグリタゾンODジョウ30MG,錠,47.1,3969007F4031
622066201,ピオグリタゾン錠１５ｍｇ「ＴＣＫ」,ピオグリタゾンジョウ15MGTC,錠,32.5,3969007F1083
622066301,ピオグリタゾン錠３０ｍｇ「ＴＣＫ」,ピオグリタゾンジョウ30MGTC,錠,60.5,3969007F2080
622071701,ピオグリタゾン錠１５ｍｇ「日医工」,ピオグリタゾンジョウ15MGニチ,錠,24.0,3969007F1199
622071801,ピオグリタゾン錠３０ｍｇ「日医工」,ピオグリタゾンジョウ30MGニチ,錠,47.1,3969007F2195
622071901,ピオグリタゾンＯＤ錠１５ｍｇ「日医工」,ピオグリタゾンODジョウ15MG,錠,24.0,3969007F3094
622072001,ピオグリタゾンＯＤ錠３０ｍｇ「日医工」,ピオグリタゾンODジョウ30MG,錠,47.1,3969007F4090
622075601,グリベンクラミド錠２．５ｍｇ「ＥＭＥＣ」,グリベンクラミドジョウ2.5MG,錠,5.6,3961003F2199
622078301,ピオグリタゾン錠１５ｍｇ「モチダ」,ピオグリタゾンジョウ15MGモチ,錠,24.0,3969007F1202
622078401,ピオグリタゾン錠３０ｍｇ「モチダ」,ピオグリタゾンジョウ30MGモチ,錠,47.1,3969007F2209
622079101,ピオグリタゾン錠１５ｍｇ「ＮＰ」,ピオグリタゾンジョウ15MGNP,錠,24.0,3969007F1067
622079201,ピオグリタゾン錠３０ｍｇ「ＮＰ」,ピオグリタゾンジョウ30MGNP,錠,47.1,3969007F2063
622081801,ピオグリタゾン錠１５ｍｇ「サンド」,ピオグリタゾンジョウ15MGサン,錠,24.0,3969007F1148
622081901,ピオグリタゾン錠３０ｍｇ「サンド」,ピオグリタゾンジョウ30MGサン,錠,47.1,3969007F2144
622086001,リオベル配合錠ＬＤ,リオベルハイゴウジョウLD,錠,184.1,3969103F1024
622086101,リオベル配合錠ＨＤ,リオベルハイゴウジョウHD,錠,227.5,3969103F2020
622088301,グリメピリド錠１ｍｇ「ファイザー」,グリメピリドジョウ1MGファイサ,錠,9.9,3961008F1330
622088401,グリメピリド錠３ｍｇ「ファイザー」,グリメピリドジョウ3MGファイサ,錠,19.1,3961008F2337
622090001,ボグリボース錠０．２ｍｇ「ファイザー」,ボグリボースジョウ0.2MGファ,錠,12.3,3969004F1276
622090101,ボグリボース錠０．３ｍｇ「ファイザー」,ボグリボースジョウ0.3MGファ,錠,17.0,3969004F2272
622093501,トラゼンタ錠５ｍｇ,トラゼンタジョウ5MG,錠,155.4,3969014F1024
622103201,グリベンクラミド錠１．２５ｍｇ「タイヨー」,グリベンクラミドジョウ1.25M,錠,5.6,3961003F1141
622114701,グリメピリド錠１ｍｇ「ＦＦＰ」,グリメピリドジョウ1MGFFP,錠,9.9,3961008F1314
622114801,グリメピリド錠３ｍｇ「ＦＦＰ」,グリメピリドジョウ3MGFFP,錠,15.2,3961008F2310
622118501,グリメピリド錠０．５ｍｇ「ＺＥ」,グリメピリドジョウ0.5MGZE,錠,9.6,3961008F3058
622119301,ナテグリニド錠３０ｍｇ「マイラン」,ナテグリニドジョウ30MGマイラン,錠,9.9,3969006F1046
622119401,ナテグリニド錠９０ｍｇ「マイラン」,ナテグリニドジョウ90MGマイラン,錠,23.0,3969006F2042
622122201,アマリールＯＤ錠１ｍｇ,アマリールODジョウ1MG,錠,15.9,3961008F4070
622122301,アマリールＯＤ錠３ｍｇ,アマリールODジョウ3MG,錠,37.1,3961008F5077
622127301,グリメピリド錠０．５ｍｇ「サンド」,グリメピリドジョウ0.5MGサン,錠,9.6,3961008F3066
622127401,グリメピリド錠１ｍｇ「サンド」,グリメピリドジョウ1MGサンド,錠,9.9,3961008F1322
622127501,グリメピリド錠３ｍｇ「サンド」,グリメピリドジョウ3MGサンド,錠,15.2,3961008F2329
622128101,グリメピリド錠０．５ｍｇ「日医工」,グリメピリドジョウ0.5MGニチ,錠,9.6,3961008F3074
622137701,グリメピリド錠０．５ｍｇ「ＥＭＥＣ」,グリメピリドジョウ0.5MGEM,錠,9.6,3961008F3090
622141101,グリメピリド錠０．５ｍｇ「ＫＮ」,グリメピリドジョウ0.5MGKN,錠,9.6,3961008F3104
622141302,グリクラジド錠２０ｍｇ「ＫＮ」,グリクラジドジョウ20MGKN,錠,6.6,3961007F2111
622143402,グリクラジド錠２０ｍｇ「トーワ」,グリクラジドジョウ20MGトーワ,錠,5.6,3961007F2103
622144001,グリメピリド錠０．５ｍｇ「アメル」,グリメピリドジョウ0.5MGアメ,錠,9.6,3961008F3120
622144601,ピオグリタゾンＯＤ錠１５ｍｇ「アメル」,ピオグリタゾンODジョウ15MG,錠,24.0,3969007F3124
622144701,ピオグリタゾンＯＤ錠３０ｍｇ「アメル」,ピオグリタゾンODジョウ30MG,錠,47.1,3969007F4120
622147301,ピオグリタゾン錠１５ｍｇ「ファイザー」,ピオグリタゾンジョウ15MGファ,錠,24.0,3969007F1296
622147401,ピオグリタゾン錠３０ｍｇ「ファイザー」,ピオグリタゾンジョウ30MGファ,錠,47.1,3969007F2292
622147501,ピオグリタゾンＯＤ錠１５ｍｇ「ファイザー」,ピオグリタゾンODジョウ15MG,錠,24.0,3969007F3167
622147601,ピオグリタゾンＯＤ錠３０ｍｇ「ファイザー」,ピオグリタゾンODジョウ30MG,錠,47.1,3969007F4163
622155701,ピオグリタゾン錠１５ｍｇ「ＮＰＩ」,ピオグリタゾンジョウ15MGNP,錠,17.6,3969007F1016
622155801,ピオグリタゾン錠３０ｍｇ「ＮＰＩ」,ピオグリタゾンジョウ30MGNP,錠,33.4,3969007F2012
622155901,ピオグリタゾンＯＤ錠１５ｍｇ「ＮＰＩ」,ピオグリタゾンODジョウ15MG,錠,24.0,3969007F3108
622156001,ピオグリタゾンＯＤ錠３０ｍｇ「ＮＰＩ」,ピオグリタゾンODジョウ30MG,錠,47.1,3969007F4104
622156901,ピオグリタゾンＯＤ錠１５ｍｇ「ＴＣＫ」,ピオグリタゾンODジョウ15MG,錠,24.0,3969007F3116
622157001,ピオグリタゾンＯＤ錠３０ｍｇ「ＴＣＫ」,ピオグリタゾンODジョウ30MG,錠,47.1,3969007F4112
622159301,グリメピリド錠０．５ｍｇ「ＴＹＫ」,グリメピリドジョウ0.5MGTY,錠,9.6,3961008F3112
622159401,ピオグリタゾンＯＤ錠１５ｍｇ「テバ」,ピオグリタゾンODジョウ15MG,錠,24.0,3969007F3159
622159501,ピオグリタゾンＯＤ錠３０ｍｇ「テバ」,ピオグリタゾンODジョウ30MG,錠,47.1,3969007F4155
622163301,ピオグリタゾン錠１５ｍｇ「ケミファ」,ピオグリタゾンジョウ15MGケミ,錠,24.0,3969007F1288
622163401,ピオグリタゾン錠３０ｍｇ「ケミファ」,ピオグリタゾンジョウ30MGケミ,錠,47.1,3969007F2284
622164301,ピオグリタゾン錠１５ｍｇ「ＴＳＵ」,ピオグリタゾンジョウ15MGTS,錠,17.6,3969007F1016
622164401,ピオグリタゾン錠３０ｍｇ「ＴＳＵ」,ピオグリタゾンジョウ30MGTS,錠,47.1,3969007F2250
622166801,ピオグリタゾン錠１５ｍｇ「ＪＧ」,ピオグリタゾンジョウ15MGJG,錠,24.0,3969007F1229
622166901,ピオグリタゾン錠３０ｍｇ「ＪＧ」,ピオグリタゾンジョウ30MGJG,錠,47.1,3969007F2225
622167201,ピオグリタゾンＯＤ錠１５ｍｇ「ケミファ」,ピオグリタゾンODジョウ15MG,錠,24.0,3969007F3140
622167301,ピオグリタゾンＯＤ錠３０ｍｇ「ケミファ」,ピオグリタゾンODジョウ30MG,錠,47.1,3969007F4147
622169102,グリクラジド錠２０ｍｇ「サワイ」,グリクラジドジョウ20MGサワイ,錠,6.6,3961007F2090
622169301,グリメピリド錠０．５ｍｇ「ＡＡ」,グリメピリドジョウ0.5MGAA,錠,9.6,3961008F3082
622175401,ピオグリタゾン錠１５ｍｇ「杏林」,ピオグリタゾンジョウ15MGキョ,錠,24.0,3969007F1270
622175501,ピオグリタゾン錠３０ｍｇ「杏林」,ピオグリタゾンジョウ30MGキョ,錠,47.1,3969007F2276
622175601,ピオグリタゾンＯＤ錠１５ｍｇ「杏林」,ピオグリタゾンODジョウ15MG,錠,24.0,3969007F3132
622175701,ピオグリタゾンＯＤ錠３０ｍｇ「杏林」,ピオグリタゾンODジョウ30MG,錠,47.1,3969007F4139
622176301,グリメピリド錠０．５ｍｇ「杏林」,グリメピリドジョウ0.5MGキョ,錠,9.6,3961008F3147
622177501,グリメピリド錠０．５ｍｇ「イセイ」,グリメピリドジョウ0.5MGイセ,錠,9.6,3961008F3139
622182401,ピオグリタゾン錠１５ｍｇ「ＫＯ」,ピオグリタゾンジョウ15MGKO,錠,24.0,3969007F1237
622182501,ピオグリタゾン錠３０ｍｇ「ＫＯ」,ピオグリタゾンジョウ30MGKO,錠,47.1,3969007F2233
622182601,テネリア錠２０ｍｇ,テネリアジョウ20MG,錠,154.6,3969015F1029
622186201,グリメピリド錠０．５ｍｇ「オーハラ」,グリメピリドジョウ0.5MGオー,錠,9.6,3961008F3210
622187301,グリメピリド錠０．５ｍｇ「ＹＤ」,グリメピリドジョウ0.5MGYD,錠,9.6,3961008F3201
622190002,グリメピリド錠０．５ｍｇ「Ｍｅ」,グリメピリドジョウ0.5MGME,錠,9.6,3961008F3317
622190801,グリメピリド錠０．５ｍｇ「ＢＭＤ」,グリメピリドジョウ0.5MGBM,錠,9.6,3961008F3163
622193301,グリメピリドＯＤ錠０．５ｍｇ「ＥＭＥＣ」,グリメピリドODジョウ0.5MG,錠,9.6,3961008F6030
622194901,グリメピリド錠０．５ｍｇ「トーワ」,グリメピリドジョウ0.5MGトー,錠,9.6,3961008F3279
622196601,ナテグリニド錠３０ｍｇ「テバ」,ナテグリニドジョウ30MGテバ,錠,9.9,3969006F1054
622196701,ナテグリニド錠９０ｍｇ「テバ」,ナテグリニドジョウ90MGテバ,錠,23.0,3969006F2050
622198001,グリメピリド錠０．５ｍｇ「日新」,グリメピリドジョウ0.5MGニッ,錠,9.6,3961008F3287
622201701,スイニー錠１００ｍｇ,スイニージョウ100MG,錠,62.2,3969016F1023
622202201,グリメピリド錠０．５ｍｇ「タナベ」,グリメピリドジョウ0.5MGタナ,錠,9.6,3961008F3260
622202801,グリメピリドＯＤ錠０．５ｍｇ「ＫＮ」,グリメピリドODジョウ0.5MG,錠,9.6,3961008F6049
622205101,グリメピリド錠０．５ｍｇ「ＪＧ」,グリメピリドジョウ0.5MGJG,錠,9.6,3961008F3180
622205501,グリメピリド錠０．５ｍｇ「ファイザー」,グリメピリドジョウ0.5MGファ,錠,9.6,3961008F3295
622208901,グリメピリド錠０．５ｍｇ「ケミファ」,グリメピリドジョウ0.5MGケミ,錠,9.6,3961008F3236
622211501,グリメピリド錠０．５ｍｇ「ＦＦＰ」,グリメピリドジョウ0.5MGFF,錠,9.6,3961008F3171
622217701,アマリールＯＤ錠０．５ｍｇ,アマリールODジョウ0.5MG,錠,9.9,3961008F6022
622219701,グリメピリド錠０．５ｍｇ「サワイ」,グリメピリドジョウ0.5MGサワ,錠,9.6,3961008F3244
622221001,グリメピリド錠０．５ｍｇ「科研」,グリメピリドジョウ0.5MGカケ,錠,9.6,3961008F3228
622222001,グリメピリド錠０．５ｍｇ「ＴＣＫ」,グリメピリドジョウ0.5MGTC,錠,9.6,3961008F3198
622230001,ナテグリニド錠３０ｍｇ「日医工」,ナテグリニドジョウ30MGニチイコ,錠,9.9,3969006F1062
622230101,ナテグリニド錠９０ｍｇ「日医工」,ナテグリニドジョウ90MGニチイコ,錠,23.0,3969006F2069
622242001,グリメピリドＯＤ錠０．５ｍｇ「テバ」,グリメピリドODジョウ0.5MG,錠,9.6,3961008F6073
622242501,メトグルコ錠５００ｍｇ,メトグルコジョウ500MG,錠,15.4,3962002F3023
622245601,オングリザ錠２．５ｍｇ,オングリザジョウ2.5MG,錠,84.1,3969017F1028
622245701,オングリザ錠５ｍｇ,オングリザジョウ5MG,錠,126.2,3969017F2024
622246801,グリメピリド錠０．５ｍｇ「モチダ」,グリメピリドジョウ0.5MGモチ,錠,9.6,3961008F3309
622252501,グリメピリドＯＤ錠０．５ｍｇ「ケミファ」,グリメピリドODジョウ0.5MG,錠,9.6,3961008F6065
622254701,グリメピリドＯＤ錠０．５ｍｇ「ＡＦＰ」,グリメピリドODジョウ0.5MG,錠,9.6,3961008F6057
622271101,グリメピリドＯＤ錠０．５ｍｇ「日医工」,グリメピリドODジョウ0.5MG,錠,9.6,3961008F6081
622271201,グリメピリドＯＤ錠１ｍｇ「日医工」,グリメピリドODジョウ1MGニチ,錠,9.9,3961008F4097
622271301,グリメピリドＯＤ錠３ｍｇ「日医工」,グリメピリドODジョウ3MGニチ,錠,15.2,3961008F5093
622277501,ジャヌビア錠１２．５ｍｇ,ジャヌビアジョウ12.5MG,錠,57.9,3969010F4033
622288401,グラクティブ錠１２．５ｍｇ,グラクティブジョウ12.5MG,錠,58.4,3969010F4025
622302201,アカルボース錠５０ｍｇ「ＴＣＫ」,アカルボースジョウ50MGTCK,錠,10.8,3969003F1123
622302301,アカルボース錠１００ｍｇ「ＴＣＫ」,アカルボースジョウ100MGTCK,錠,19.2,3969003F2120
622306601,スーグラ錠２５ｍｇ,スーグラジョウ25MG,錠,133.8,3969018F1022
622306701,スーグラ錠５０ｍｇ,スーグラジョウ50MG,錠,200.2,3969018F2029
622320800,ピオグリタゾン塩酸塩１５ｍｇ錠,ピオグリタゾンエンサンエン15MG,錠,17.6,3969007F1016
622320900,ピオグリタゾン塩酸塩３０ｍｇ錠,ピオグリタゾンエンサンエン30MG,錠,33.4,3969007F2012
622335701,ルセフィ錠２．５ｍｇ,ルセフィジョウ2.5MG,錠,189.0,3969020F1020
622335801,ルセフィ錠５ｍｇ,ルセフィジョウ5MG,錠,283.5,3969020F2026
622336801,デベルザ錠２０ｍｇ,デベルザジョウ20MG,錠,199.1,3969021F1032
622338501,グリメピリドＯＤ錠０．５ｍｇ「トーワ」,グリメピリドODジョウ0.5MG,錠,9.6,3961008F6090
622338601,グリメピリドＯＤ錠１ｍｇ「トーワ」,グリメピリドODジョウ1MGトー,錠,9.9,3961008F4100
622338701,グリメピリドＯＤ錠３ｍｇ「トーワ」,グリメピリドODジョウ3MGトー,錠,19.1,3961008F5107
622340101,アプルウェイ錠２０ｍｇ,アプルウェイジョウ20MG,錠,202.1,3969021F1024
622341901,フォシーガ錠５ｍｇ,フォシーガジョウ5MG,錠,198.5,3969019F1027
622342001,フォシーガ錠１０ｍｇ,フォシーガジョウ10MG,錠,296.9,3969019F2023
622360601,カナグル錠１００ｍｇ,カナグルジョウ100MG,錠,190.5,3969022F1029
622401201,ジャディアンス錠１０ｍｇ,ジャディアンスジョウ10MG,錠,198.7,3969023F1023
622401301,ジャディアンス錠２５ｍｇ,ジャディアンスジョウ25MG,錠,339.0,3969023F2020
622412701,メトホルミン塩酸塩錠２５０ｍｇＭＴ「トーワ」,メトホルミンエンサンエンジョウ250M,錠,9.9,3962002F2086
622415401,ザファテック錠５０ｍｇ,ザファテックジョウ50MG,錠,530.1,3969024F1028
622415501,ザファテック錠１００ｍｇ,ザファテックジョウ100MG,錠,995.0,3969024F2024
622417101,メトホルミン塩酸塩錠２５０ｍｇＭＴ「ファイザー」,メトホルミンエンサンエンジョウ250M,錠,9.9,3962002F2116
622417201,メトホルミン塩酸塩錠５００ｍｇＭＴ「ファイザー」,メトホルミンエンサンエンジョウ500M,錠,9.9,3962002F3090
622421101,メトホルミン塩酸塩錠２５０ｍｇＭＴ「ＴＥ」,メトホルミンエンサンエンジョウ250M,錠,9.9,3962002F2060
622421201,メトホルミン塩酸塩錠５００ｍｇＭＴ「ＴＥ」,メトホルミンエンサンエンジョウ500M,錠,9.9,3962002F3066
622421901,メトホルミン塩酸塩錠２５０ｍｇＭＴ「ＪＧ」,メトホルミンエンサンエンジョウ250M,錠,9.9,3962002F2043
622422001,メトホルミン塩酸塩錠５００ｍｇＭＴ「ＪＧ」,メトホルミンエンサンエンジョウ500M,錠,9.9,3962002F3040
622424401,メトホルミン塩酸塩錠２５０ｍｇＭＴ「ＴＣＫ」,メトホルミンエンサンエンジョウ250M,錠,9.9,3962002F2051
622424501,メトホルミン塩酸塩錠５００ｍｇＭＴ「ＴＣＫ」,メトホルミンエンサンエンジョウ500M,錠,9.9,3962002F3058
622426601,セイブルＯＤ錠５０ｍｇ,セイブルODジョウ50MG,錠,37.7,3969009F4022
622426701,セイブルＯＤ錠７５ｍｇ,セイブルODジョウ75MG,錠,52.9,3969009F5029
622427201,メトホルミン塩酸塩錠２５０ｍｇＭＴ「ＤＳＥＰ」,メトホルミンエンサンエンジョウ250M,錠,9.9,3962002F2035
622427301,メトホルミン塩酸塩錠５００ｍｇＭＴ「ＤＳＥＰ」,メトホルミンエンサンエンジョウ500M,錠,9.9,3962002F3031
622432501,セイブルＯＤ錠２５ｍｇ,セイブルODジョウ25MG,錠,21.9,3969009F6025
622432601,メトホルミン塩酸塩錠２５０ｍｇＭＴ「三和」,メトホルミンエンサンエンジョウ250M,錠,9.9,3962002F2078
622432701,メトホルミン塩酸塩錠５００ｍｇＭＴ「三和」,メトホルミンエンサンエンジョウ500M,錠,9.9,3962002F3074
622436301,メトホルミン塩酸塩錠２５０ｍｇＭＴ「日医工」,メトホルミンエンサンエンジョウ250M,錠,9.9,3962002F2094
622438401,メトホルミン塩酸塩錠２５０ｍｇＭＴ「ニプロ」,メトホルミンエンサンエンジョウ250M,錠,9.9,3962002F2108
622438501,メトホルミン塩酸塩錠５００ｍｇＭＴ「ニプロ」,メトホルミンエンサンエンジョウ500M,錠,9.9,3962002F3082
622448601,メトホルミン塩酸塩錠５００ｍｇＭＴ「トーワ」,メトホルミンエンサンエンジョウ500M,錠,9.9,3962002F3104
622448901,マリゼブ錠２５ｍｇ,マリゼブジョウ25MG,錠,971.3,3969025F2029
622449001,マリゼブ錠１２．５ｍｇ,マリゼブジョウ12.5MG,錠,520.2,3969025F1022
622450301,エクメット配合錠ＬＤ,エクメットハイゴウジョウLD,錠,77.6,3969104F1029
622450401,エクメット配合錠ＨＤ,エクメットハイゴウジョウHD,錠,77.6,3969104F2025
622462401,グルファストＯＤ錠５ｍｇ,グルファストODジョウ5MG,錠,22.7,3969008F3021
622462501,グルファストＯＤ錠１０ｍｇ,グルファストODジョウ10MG,錠,40.1,3969008F4028
622466601,メトホルミン塩酸塩錠５００ｍｇＭＴ「日医工」,メトホルミンエンサンエンジョウ500M,錠,9.9,3962002F3112
622515201,ミチグリニドＣａ・ＯＤ錠５ｍｇ「ＴＣＫ」,ミチグリニドCAODジョウ5MGT,錠,9.9,3969008F3056
622515301,ミチグリニドＣａ・ＯＤ錠１０ｍｇ「ＴＣＫ」,ミチグリニドCAODジョウ10MG,錠,17.1,3969008F4052
622517101,イニシンク配合錠,イニシンクハイゴウジョウ,錠,166.4,3969105F1023
622518101,ミチグリニドＣａ・ＯＤ錠５ｍｇ「ＦＦＰ」,ミチグリニドCAODジョウ5MGF,錠,9.9,3969008F3030
622518201,ミチグリニドＣａ・ＯＤ錠１０ｍｇ「ＦＦＰ」,ミチグリニドCAODジョウ10MG,錠,17.1,3969008F4036
622520901,ミチグリニドＣａ・ＯＤ錠５ｍｇ「三和」,ミチグリニドCAODジョウ5MGサ,錠,9.9,3969008F3064
622521001,ミチグリニドＣａ・ＯＤ錠１０ｍｇ「三和」,ミチグリニドCAODジョウ10MG,錠,17.1,3969008F4060
622523301,ミチグリニドＣａ・ＯＤ錠５ｍｇ「フソー」,ミチグリニドCAODジョウ5MGフ,錠,9.9,3969008F3072
622523401,ミチグリニドＣａ・ＯＤ錠１０ｍｇ「フソー」,ミチグリニドCAODジョウ10MG,錠,17.1,3969008F4079
622525301,ミチグリニドＣａ・ＯＤ錠５ｍｇ「ＪＧ」,ミチグリニドCAODジョウ5MGJ,錠,9.9,3969008F3048
622525401,ミチグリニドＣａ・ＯＤ錠１０ｍｇ「ＪＧ」,ミチグリニドCAODジョウ10MG,錠,17.1,3969008F4044
622544301,ミグリトール錠２５ｍｇ「トーワ」,ミグリトールジョウ25MGトーワ,錠,9.8,3969009F1031
622544401,ミグリトール錠５０ｍｇ「トーワ」,ミグリトールジョウ50MGトーワ,錠,17.5,3969009F2038
622544501,ミグリトール錠７５ｍｇ「トーワ」,ミグリトールジョウ75MGトーワ,錠,22.2,3969009F3034
622560201,ミグリトールＯＤ錠２５ｍｇ「サワイ」,ミグリトールODジョウ25MGサワイ,錠,9.8,3969009F6033
622560301,ミグリトールＯＤ錠５０ｍｇ「サワイ」,ミグリトールODジョウ50MGサワイ,錠,17.5,3969009F4030
622560401,ミグリトールＯＤ錠７５ｍｇ「サワイ」,ミグリトールODジョウ75MGサワイ,錠,22.2,3969009F5037
622573601,カナリア配合錠,カナリアハイゴウジョウ,錠,290.2,3969106F1028
622625702,スージャヌ配合錠,スージャヌハイゴウジョウ,錠,263.8,3969107F1022
622628601,ミグリトールＯＤ錠２５ｍｇ「トーワ」,ミグリトールODジョウ25MGトーワ,錠,9.8,3969009F6041
622628701,ミグリトールＯＤ錠５０ｍｇ「トーワ」,ミグリトールODジョウ50MGトーワ,錠,17.5,3969009F4049
622628801,ミグリトールＯＤ錠７５ｍｇ「トーワ」,ミグリトールODジョウ75MGトーワ,錠,22.2,3969009F5045
622631401,グリメピリド錠０．５ｍｇ「フェルゼン」,グリメピリドジョウ0.5MGフェ,錠,9.6,3961008F3325
622636501,グリメピリド錠１ｍｇ「フェルゼン」,グリメピリドジョウ1MGフェルセ,錠,9.9,3961008F1365
622636601,グリメピリド錠３ｍｇ「フェルゼン」,グリメピリドジョウ3MGフェルセ,錠,15.2,3961008F2361
620000448,ノボラピッド３０ミックス注　フレックスペン　３００単位,ノボラピッド30ミックスチュウフレ,キット,1948.0,2492415G2020
620008893,ノボラピッド注　フレックスペン　３００単位,ノボラピッドチュウフレックスペン,キット,1925.0,2492415G1031
620008894,ノボラピッド注　ペンフィル　３００単位,ノボラピッドチュウペンフィル,筒,1359.0,2492415A2035
620008895,ノボラピッド注　１００単位／ｍＬ,ノボラピッドチュウ100タンイ/M,ｍＬＶ,340.0,2492415A3031
620008896,ノボラピッド３０ミックス注　ペンフィル　３００単位,ノボラピッド30ミックスチュウペ,筒,1430.0,2492415A4038
621926901,ノボラピッド注　イノレット　３００単位,ノボラピッドチュウイノレット,キット,1882.0,2492415G3026
621973201,ノボラピッド５０ミックス注　フレックスペン　３００単位,ノボラピッド50ミックスチュウフレ,キット,1935.0,2492415G4022
621973301,ノボラピッド７０ミックス注　フレックスペン　３００単位,ノボラピッド70ミックスチュウフレ,キット,1903.0,2492415G5029
622252701,ノボラピッド注　フレックスタッチ　３００単位,ノボラピッドチュウフレックスタッチ,キット,1952.0,2492415G6025
620007536,ランタス注ソロスター　３００単位,ランタスチュウソロスター,キット,1936.0,2492416G2024
620008943,ランタス注カート　３００単位,ランタスチュウカート,筒,1431.0,2492416A1033
620008945,ランタス注１００単位／ｍＬ,ランタスチュウ100タンイ/ML,ｍＬＶ,364.0,2492416A3036
622440701,ランタスＸＲ注ソロスター　４５０単位,ランタスXRチュウソロスター,キット,2933.0,2492416G3020
622410901,インスリン　グラルギンＢＳ注カート「リリー」　３００単位,インスリングラルギンBSチュウカート,筒,915.0,2492420A1021
622411001,インスリン　グラルギンＢＳ注ミリオペン「リリー」　３００単位,インスリングラルギンBSチュウミリオ,キット,1481.0,2492420G1024
622484801,インスリン　グラルギンＢＳ注キット「ＦＦＰ」　３００単位,インスリングラルギンBSチュウキット,キット,1481.0,2492421G1029
621911101,アピドラ注１００単位／ｍＬ,アピドラチュウ100タンイ/ML,ｍＬＶ,367.0,2492418A1024
621911201,アピドラ注ソロスター　３００単位,アピドラチュウソロスター,キット,2173.0,2492418G1027
621911301,アピドラ注カート　３００単位,アピドラチュウカート,筒,1562.0,2492418A2020
622451001,ライゾデグ配合注　フレックスタッチ　３００単位,ライゾデグハイゴウチュウフレック,キット,2206.0,2492500G1025
622198901,トレシーバ注　フレックスタッチ　３００単位,トレシーバチュウフレックスタッチ,キット,2502.0,2492419G1021
622199001,トレシーバ注　ペンフィル　３００単位,トレシーバチュウペンフィル,筒,1778.0,2492419A1029
620008952,レベミル注　フレックスペン　３００単位,レベミルチュウフレックスペン,キット,2493.0,2492417G1030
620008953,レベミル注　ペンフィル　３００単位,レベミルチュウペンフィル,筒,1793.0,2492417A1038
621927001,レベミル注　イノレット　３００単位,レベミルチュウイノレット,キット,2319.0,2492417G2029
620000265,ノボリンＲ注フレックスペン　３００単位,ノボリンRチュウフレックスペン,キット,1855.0,2492413G8053
620000266,ノボリンＮ注フレックスペン　３００単位,ノボリンNチュウフレックスペン,キット,1902.0,2492413G1059
620000269,ノボリン３０Ｒ注フレックスペン　３００単位,ノボリン30Rチュウフレックスペン,キット,1911.0,2492413G5054
620008897,ノボリンＲ注　１００単位／ｍＬ,ノボリンRチュウ100タンイ/ML,ｍＬＶ,319.0,2492403A4043
620008907,ヒューマリンＲ注カート　３００単位,ヒューマリンRチュウカート,筒,1205.0,2492403H4041
620008909,ヒューマリンＲ注１００単位／ｍＬ,ヒューマリンRチュウ100タンイ/ML,ｍＬＶ,291.0,2492403A4051
620008910,ヒューマリンＮ注カート　３００単位,ヒューマリンNチュウカート,筒,1220.0,2492403H5030
620008912,ヒューマリンＮ注１００単位／ｍＬ,ヒューマリンNチュウ100タンイ/ML,ｍＬＶ,320.0,2492403A3047
620008913,ヒューマリン３／７注カート　３００単位,ヒューマリン3/7チュウカート,筒,1220.0,2492403H6036
620008915,ヒューマリン３／７注１００単位／ｍＬ,ヒューマリン3/7チュウ100タンイ/M,ｍＬＶ,330.0,2492403H1034
622114401,ヒューマリンＲ注ミリオペン　３００単位,ヒューマリンRチュウミリオペン,キット,1590.0,2492413P2020
622114501,ヒューマリンＮ注ミリオペン　３００単位,ヒューマリンNチュウミリオペン,キット,1659.0,2492413P1024
622114601,ヒューマリン３／７注ミリオペン　３００単位,ヒューマリン3/7チュウミリオペン,キット,1654.0,2492413G9025
620002439,ヒューマログミックス２５注カート　３００単位,ヒューマログミックス25チュウカート,筒,1249.0,2492414A3029
620002440,ヒューマログミックス５０注カート　３００単位,ヒューマログミックス50チュウカート,筒,1240.0,2492414A4025
620007460,ヒューマログ注ミリオペン　３００単位,ヒューマログチュウミリオペン,キット,1470.0,2492414G5024
620007461,ヒューマログミックス２５注ミリオペン　３００単位,ヒューマログミックス25チュウミリオヘ,キット,1494.0,2492414G6020
620007462,ヒューマログミックス５０注ミリオペン　３００単位,ヒューマログミックス50チュウミリオヘ,キット,1480.0,2492414G7027
620008916,ヒューマログ注１００単位／ｍＬ,ヒューマログチュウ100タンイ/ML,ｍＬＶ,292.0,2492414A2030
622642701,ヒューマログ注ミリオペンＨＤ　３００単位,ヒューマログチュウミリオペンHD,キット,1470.0,2492414G9020
640451027,ヒューマログ注カート　３００単位,ヒューマログチュウカート,筒,1230.0,2492414A1026
622654401,メトアナ配合錠ＨＤ,メトアナハイゴウジョウHD,錠,62.2,3969109F2028
622654501,メトアナ配合錠ＬＤ,メトアナハイゴウジョウLD,錠,62.2,3969109F1021
622655001,トラディアンス配合錠ＡＰ,トラディアンスハイゴウジョウAP,錠,283.2,3969108F1027
622655101,トラディアンス配合錠ＢＰ,トラディアンスハイゴウジョウBP,錠,395.4,3969108F2023
622442201,トルリシティ皮下注０．７５ｍｇアテオス　０．５ｍＬ,トルリシティヒカチュウ0.75MGアテオ,キット,3419.0,2499416G1029
621974801,ビクトーザ皮下注１８ｍｇ　３ｍＬ,ビクトーザヒカチュウ18MG,キット,10435.0,2499410G1021
622038301,バイエッタ皮下注５μｇペン３００　３００μｇ（５μｇ）,バイエッタヒカチュウ5マイクロGペン,キット,10069.0,2499411G1026
622038401,バイエッタ皮下注１０μｇペン３００　３００μｇ（１０μｇ）,バイエッタヒカチュウ10マイクロGペ,キット,10069.0,2499411G2022
622406001,ビデュリオン皮下注用２ｍｇペン,ビデュリオンヒカチュウヨウ2MGペ,キット,3647.0,2499411G4025
622267001,リキスミア皮下注３００μｇ　３ｍＬ,リキスミアヒカチュウ300マイクロG,キット,6562.0,2499415G1024
