請求コード,品名,分類
622444001,アマルエット配合錠１番「ＫＮ」,ht
622444101,アマルエット配合錠２番「ＫＮ」,ht
622444201,アマルエット配合錠３番「ＫＮ」,ht
622444301,アマルエット配合錠４番「ＫＮ」,ht
622445401,アマルエット配合錠１番「ケミファ」,ht
622445501,アマルエット配合錠２番「ケミファ」,ht
622445601,アマルエット配合錠３番「ケミファ」,ht
622445701,アマルエット配合錠４番「ケミファ」,ht
622447601,アマルエット配合錠１番「トーワ」,ht
622447701,アマルエット配合錠２番「トーワ」,ht
622447801,アマルエット配合錠３番「トーワ」,ht
622447901,アマルエット配合錠４番「トーワ」,ht
622452401,アマルエット配合錠１番「ＴＣＫ」,ht
622452501,アマルエット配合錠２番「ＴＣＫ」,ht
622452601,アマルエット配合錠３番「ＴＣＫ」,ht
622452701,アマルエット配合錠４番「ＴＣＫ」,ht
622453001,アマルエット配合錠１番「ＤＳＥＰ」,ht
622453101,アマルエット配合錠２番「ＤＳＥＰ」,ht
622453201,アマルエット配合錠３番「ＤＳＥＰ」,ht
622453301,アマルエット配合錠４番「ＤＳＥＰ」,ht
622456901,アマルエット配合錠１番「サワイ」,ht
622457001,アマルエット配合錠２番「サワイ」,ht
622457101,アマルエット配合錠３番「サワイ」,ht
622457201,アマルエット配合錠４番「サワイ」,ht
622461101,アマルエット配合錠１番「サンド」,ht
622461201,アマルエット配合錠２番「サンド」,ht
622461301,アマルエット配合錠３番「サンド」,ht
622461401,アマルエット配合錠４番「サンド」,ht
622462701,アマルエット配合錠１番「ＥＥ」,ht
622462801,アマルエット配合錠２番「ＥＥ」,ht
622462901,アマルエット配合錠３番「ＥＥ」,ht
622463001,アマルエット配合錠４番「ＥＥ」,ht
622465301,アマルエット配合錠１番「日医工」,ht
622465401,アマルエット配合錠２番「日医工」,ht
622465501,アマルエット配合錠３番「日医工」,ht
622465601,アマルエット配合錠４番「日医工」,ht
622467801,アマルエット配合錠１番「ニプロ」,ht
622467901,アマルエット配合錠２番「ニプロ」,ht
622468001,アマルエット配合錠３番「ニプロ」,ht
622468101,アマルエット配合錠４番「ニプロ」,ht
621932701,カデュエット配合錠１番,ht
621932801,カデュエット配合錠２番,ht
621932901,カデュエット配合錠３番,ht
621933001,カデュエット配合錠４番,ht
610422046,エカテリシン錠１０　１０ｍｇ,ht
610422047,エカテリシン錠５　５ｍｇ,ht
612170632,バイロテンシン錠５ｍｇ,ht
612170633,バイロテンシン錠１０ｍｇ,ht
610406284,ヘルラートＬ錠１０　１０ｍｇ,ht
612170703,ヘルラートＬ錠２０　２０ｍｇ,ht
612170631,バイミカード錠５ｍｇ,ht
612170670,バイミカード錠１０ｍｇ,ht
610422214,ニルジピン錠１０　１０ｍｇ,ht
610422215,ニルジピン錠５　５ｍｇ,ht
620007010,ニソルジピン錠５ｍｇ「トーワ」,ht
621470703,ニソルジピン錠５ｍｇ「ＪＧ」,ht
621470902,ニソルジピン錠５ｍｇ「ＹＤ」,ht
621471103,ニソルジピン錠１０ｍｇ「ＪＧ」,ht
622110301,ニソルジピン錠１０ｍｇ「トーワ」,ht
622117002,ニソルジピン錠１０ｍｇ「ＹＤ」,ht
610422225,バイニロード錠１０ｍｇ,ht
610422226,バイニロード錠５ｍｇ,ht
610461204,ニトレンジピン５ｍｇ錠,ht
610461205,ニトレンジピン１０ｍｇ錠,ht
620326701,ニトレンジピン錠５ｍｇ「日医工」,ht
620326801,ニトレンジピン錠５ｍｇ「サワイ」,ht
620327202,ニトレンジピン錠５ｍｇ「ＮＰ」,ht
620327602,ニトレンジピン錠５ｍｇ「オーハラ」,ht
620328101,ニトレンジピン錠１０ｍｇ「日医工」,ht
620328201,ニトレンジピン錠１０ｍｇ「サワイ」,ht
620328602,ニトレンジピン錠１０ｍｇ「ＮＰ」,ht
620329002,ニトレンジピン錠１０ｍｇ「オーハラ」,ht
621252901,ニトレンジピン錠５ｍｇ「ＺＥ」,ht
621253102,ニトレンジピン錠５ｍｇ「杏林」,ht
621253301,ニトレンジピン錠１０ｍｇ「ＺＥ」,ht
621253401,ニトレンジピン錠１０ｍｇ「日新」,ht
621253602,ニトレンジピン錠１０ｍｇ「杏林」,ht
622064302,ニトレンジピン錠５ｍｇ「日新」,ht
612170547,セパミット−Ｒカプセル１０　１０ｍｇ,ht
612170610,セパミット−Ｒカプセル２０　２０ｍｇ,ht
620006003,セパミット−Ｒ細粒２％,ht
620006004,セパミット細粒１％,ht
610422193,ドスペロピン錠１０　１０ｍｇ,ht
610422194,ドスペロピン錠５　５ｍｇ,ht
612120226,ナディック錠３０ｍｇ,ht
612120227,ナディック錠６０ｍｇ,ht
620002066,テノーミン錠２５　２５ｍｇ,ht
620002067,テノーミン錠５０　５０ｍｇ,ht
620008283,アテノロール錠５０ｍｇ「タイヨー」,ht
620254403,アテノロール錠２５ｍｇ「日新」,ht
620254406,アテノロール錠２５ｍｇ「トーワ」,ht
620254407,アテノロール錠２５ｍｇ「ＮＰ」,ht
620254411,アテノロール錠２５ｍｇ「サワイ」,ht
620254412,アテノロール錠２５ｍｇ「ＮｉｋＰ」,ht
620254419,アテノロール錠２５ｍｇ「タイヨー」,ht
620254424,アテノロール錠２５ｍｇ「ＪＧ」,ht
620254425,アテノロール錠２５ｍｇ「イセイ」,ht
620254426,アテノロール錠２５ｍｇ「ツルハラ」,ht
620254501,アテノロール錠５０ｍｇ「イセイ」,ht
620254509,アテノロール錠５０ｍｇ「サワイ」,ht
620254517,アテノロール錠５０ｍｇ「トーワ」,ht
620254522,アテノロール錠５０ｍｇ「ツルハラ」,ht
620254532,アテノロール錠５０ｍｇ「日新」,ht
620254544,アテノロール錠５０ｍｇ「ファイザー」,ht
620254553,アテノロール錠５０ｍｇ「ＮｉｋＰ」,ht
620254554,アテノロール錠５０ｍｇ「ＮＰ」,ht
620254560,アテノロール錠５０ｍｇ「ＪＧ」,ht
621974402,アテノロール錠２５ｍｇ「ファイザー」,ht
620001875,ビソプロロールフマル酸塩５ｍｇ錠,ht
621399302,ビソプロロールフマル酸塩錠２．５ｍｇ「ＺＥ」,ht
621399401,ビソプロロールフマル酸塩錠２．５ｍｇ「トーワ」,ht
621399501,ビソプロロールフマル酸塩錠２．５ｍｇ「サンド」,ht
621399602,ビソプロロールフマル酸塩錠２．５ｍｇ「日医工」,ht
621399902,ビソプロロールフマル酸塩錠５ｍｇ「ＺＥ」,ht
621400001,ビソプロロールフマル酸塩錠５ｍｇ「トーワ」,ht
621400302,ビソプロロールフマル酸塩錠５ｍｇ「テバ」,ht
621400401,ビソプロロールフマル酸塩錠５ｍｇ「サンド」,ht
621400502,ビソプロロールフマル酸塩錠５ｍｇ「日医工」,ht
621400601,ビソプロロールフマル酸塩錠５ｍｇ「日新」,ht
621400901,ビソプロロールフマル酸塩錠５ｍｇ「サワイ」,ht
621573402,ビソプロロールフマル酸塩錠２．５ｍｇ「サワイ」,ht
622060402,ビソプロロールフマル酸塩錠２．５ｍｇ「テバ」,ht
622064802,ビソプロロールフマル酸塩錠２．５ｍｇ「日新」,ht
622267901,ビソプロロールフマル酸塩錠０．６２５ｍｇ「ＺＥ」,ht
622271001,ビソプロロールフマル酸塩錠０．６２５ｍｇ「日医工」,ht
622284601,ビソプロロールフマル酸塩錠０．６２５ｍｇ「テバ」,ht
622289402,ビソプロロールフマル酸塩錠０．６２５ｍｇ「サンド」,ht
622296701,ビソプロロールフマル酸塩錠０．６２５ｍｇ「サワイ」,ht
622296801,ビソプロロールフマル酸塩錠０．６２５ｍｇ「日新」,ht
622339301,ビソプロロールフマル酸塩錠０．６２５ｍｇ「トーワ」,ht
622591001,ビソプロロールフマル酸塩錠０．６２５ｍｇ「ＪＧ」,ht
622591101,ビソプロロールフマル酸塩錠２．５ｍｇ「ＪＧ」,ht
622591201,ビソプロロールフマル酸塩錠５ｍｇ「ＪＧ」,ht
620252204,カルテオロール塩酸塩錠５ｍｇ「サワイ」,ht
620252207,カルテオロール塩酸塩錠５ｍｇ「ＴＣＫ」,ht
620252208,カルテオロール塩酸塩錠５ｍｇ「トーワ」,ht
620252210,カルテオロール塩酸塩錠５ｍｇ「ツルハラ」,ht
621770001,カルテオロール塩酸塩錠５ｍｇ「日医工」,ht
612120320,アルマイラー錠２５　２５ｍｇ,ht
612120321,アルマイラー錠５０　５０ｍｇ,ht
620255102,アロチノロール塩酸塩錠５ｍｇ「ＤＳＰ」,ht
620255302,アロチノロール塩酸塩錠１０ｍｇ「ＤＳＰ」,ht
620255403,アロチノロール塩酸塩錠１０ｍｇ「サワイ」,ht
620255408,アロチノロール塩酸塩錠１０ｍｇ「トーワ」,ht
620255417,アロチノロール塩酸塩錠１０ｍｇ「ＪＧ」,ht
620255420,アロチノロール塩酸塩錠１０ｍｇ「テバ」,ht
622052102,アロチノロール塩酸塩錠５ｍｇ「サワイ」,ht
622055502,アロチノロール塩酸塩錠５ｍｇ「トーワ」,ht
622062802,アロチノロール塩酸塩錠５ｍｇ「テバ」,ht
622071301,アロチノロール塩酸塩錠５ｍｇ「日医工」,ht
622071401,アロチノロール塩酸塩錠１０ｍｇ「日医工」,ht
622108802,アロチノロール塩酸塩錠５ｍｇ「ＪＧ」,ht
612120016,インデラル錠１０ｍｇ,ht
620004527,チオグール錠５ｍｇ,ht
612120031,カルビスケン錠５ｍｇ,ht
612120119,ミケラン錠５ｍｇ,ht
612120004,アセタノールカプセル１００　１００ｍｇ,ht
612120148,アセタノールカプセル２００　２００ｍｇ,ht
612120324,クシセミン錠５０ｍｇ,ht
620254417,クシセミン錠２５ｍｇ,ht
610453017,ウェルビー錠２．５ｍｇ,ht
610453018,ウェルビー錠５ｍｇ,ht
622289401,ウェルビー錠０．６２５ｍｇ,ht
612120318,アルセノール錠２５　２５ｍｇ,ht
612120319,アルセノール錠５０　５０ｍｇ,ht
620004559,ピンドロール錠５ｍｇ「日医工」,ht
620005077,ピンドロール錠５ｍｇ「トーワ」,ht
620253729,ピンドロール錠５ｍｇ「ツルハラ」,ht
612130207,フルイトラン錠２ｍｇ,ht
620009430,フルイトラン錠１ｍｇ,ht
620264701,ヒドロクロロチアジド錠２５ｍｇ「トーワ」,ht
622142502,ヒドロクロロチアジド錠１２．５ｍｇ「トーワ」,ht
622613600,テルミサルタン・ヒドロクロロチアジド錠（１）,ht
622613700,テルミサルタン・ヒドロクロロチアジド錠（２）,ht
622617500,ロサルタンカリウム・ヒドロクロロチアジド錠（１）,ht
622617600,ロサルタンカリウム・ヒドロクロロチアジド錠（２）,ht
610421320,アダラートＣＲ錠１０ｍｇ,ht
610421321,アダラートＣＲ錠２０ｍｇ,ht
610421322,アダラートＣＲ錠４０ｍｇ,ht
612170539,アダラートＬ錠１０ｍｇ,ht
612170540,アダラートＬ錠２０ｍｇ,ht
620003132,アダラートカプセル５ｍｇ,ht
620003133,アダラートカプセル１０ｍｇ,ht
612170709,ノルバスク錠２．５ｍｇ,ht
612170710,ノルバスク錠５ｍｇ,ht
620008040,ノルバスクＯＤ錠２．５ｍｇ,ht
620008041,ノルバスクＯＤ錠５ｍｇ,ht
622002701,ノルバスク錠１０ｍｇ,ht
622002801,ノルバスクＯＤ錠１０ｍｇ,ht
610407003,スプレンジール錠２．５ｍｇ,ht
610407004,スプレンジール錠５ｍｇ,ht
610407005,デタントールＲ錠３ｍｇ,ht
610407006,デタントールＲ錠６ｍｇ,ht
610407019,カルバン錠２５　２５ｍｇ,ht
610407020,カルバン錠５０　５０ｍｇ,ht
610407021,カルバン錠１００　１００ｍｇ,ht
610407142,コナン錠５ｍｇ,ht
610407143,コナン錠１０ｍｇ,ht
610407144,コナン錠２０ｍｇ,ht
610407147,アテレック錠５　５ｍｇ,ht
610407148,アテレック錠１０　１０ｍｇ,ht
610409327,オドリック錠０．５ｍｇ,ht
610409328,オドリック錠１ｍｇ,ht
610412044,カプトルナ錠１２．５ｍｇ,ht
610412045,カプトルナ錠２５ｍｇ,ht
610421318,コバシル錠２ｍｇ,ht
610421319,コバシル錠４ｍｇ,ht
610421346,ランデル錠４０　４０ｍｇ,ht
610422142,セタプリル錠５０ｍｇ,ht
610432011,ブロプレス錠２　２ｍｇ,ht
610432012,ブロプレス錠４　４ｍｇ,ht
610432013,ブロプレス錠８　８ｍｇ,ht
610432014,ブロプレス錠１２　１２ｍｇ,ht
610443042,ディオバン錠２０ｍｇ,ht
610443043,ディオバン錠４０ｍｇ,ht
610443044,ディオバン錠８０ｍｇ,ht
610444028,エナラート錠５ｍｇ,ht
610444030,エナラプリル錠５ＭＥＥＫ　５ｍｇ,ht
610444064,スパシオール錠５ｍｇ,ht
610444065,スパシオール錠１０ｍｇ,ht
610444066,スロンタクス錠１００　１００ｍｇ,ht
610444067,スロンタクス錠２００　２００ｍｇ,ht
610444075,セリース錠２．５ｍｇ,ht
610444076,セリース錠５ｍｇ,ht
610444119,ファルプリル錠２．５　２．５ｍｇ,ht
610444120,ファルプリル錠５　５ｍｇ,ht
610453025,エナラート細粒１％,ht
610453037,カプトプリル錠１２．５「ＳＷ」　１２．５ｍｇ,ht
610453089,ハイパジールコーワ錠３　３ｍｇ,ht
610454080,ペルジピン散１０％,ht
610454081,ペルジピン錠２０ｍｇ,ht
610461106,カプトプリル５％細粒,ht
610461108,カプトプリル２５ｍｇ錠,ht
610462038,レセルピン散０．１％,ht
610462039,アーチスト錠１．２５ｍｇ,ht
610462040,アーチスト錠２．５ｍｇ,ht
610463039,エナラプリルＭ錠５「ＥＭＥＣ」　５ｍｇ,ht
610463100,タルロング錠１０ｍｇ,ht
610463125,ナトリックス錠１　１ｍｇ,ht
610470001,カルブロック錠８ｍｇ,ht
610470002,カルブロック錠１６ｍｇ,ht
612140074,カプトリル錠１２．５ｍｇ,ht
612140075,カプトリル錠２５ｍｇ,ht
612140128,セロケン錠２０ｍｇ,ht
612140158,トランデート錠１００ｍｇ,ht
612140159,トランデート錠５０ｍｇ,ht
612140164,ノルモナール錠１５ｍｇ,ht
612140233,ミニプレス錠０．５ｍｇ,ht
612140234,ミニプレス錠１ｍｇ,ht
612140244,メチルドパ錠　１２５ｍｇ,ht
612140245,メチルドパ錠　２５０ｍｇ,ht
612140317,レセルピン錠　０．２５ｍｇ,ht
612140327,ロプレソール錠２０ｍｇ,ht
612140328,ロプレソール錠４０ｍｇ,ht
612140435,デタントール錠０．５ｍｇ,ht
612140436,デタントール錠１ｍｇ,ht
612140443,レニベース錠２．５　２．５ｍｇ,ht
612140444,レニベース錠５　５ｍｇ,ht
612140445,レニベース錠１０　１０ｍｇ,ht
612140450,ブロクリン−Ｌカプセル５ｍｇ,ht
612140451,ブロクリン−Ｌカプセル１５ｍｇ,ht
612140471,ヒドララジン塩酸塩散　１０％,ht
612140472,ヒドララジン塩酸塩錠　１０ｍｇ,ht
612140473,ヒドララジン塩酸塩錠　２５ｍｇ,ht
612140474,ヒドララジン塩酸塩錠　５０ｍｇ,ht
612140479,セタプリル錠１２．５ｍｇ,ht
612140480,セタプリル錠２５ｍｇ,ht
612140481,ローガン錠１０ｍｇ,ht
612140492,アデカット７．５ｍｇ錠,ht
612140493,アデカット１５ｍｇ錠,ht
612140494,アデカット３０ｍｇ錠,ht
612140495,ニバジール錠２ｍｇ,ht
612140496,ニバジール錠４ｍｇ,ht
612140497,ハイトラシン錠０．２５ｍｇ,ht
612140498,ハイトラシン錠０．５ｍｇ,ht
612140499,ハイトラシン錠１ｍｇ,ht
612140500,ハイトラシン錠２ｍｇ,ht
612140501,バソメット錠０．２５ｍｇ,ht
612140502,バソメット錠０．５ｍｇ,ht
612140503,バソメット錠１ｍｇ,ht
612140504,バソメット錠２ｍｇ,ht
612140516,カルデナリン錠０．５ｍｇ,ht
612140517,カルデナリン錠１ｍｇ,ht
612140518,カルデナリン錠２ｍｇ,ht
612140519,カルデナリン錠４ｍｇ,ht
612140521,ハイパジールコーワ錠６　６ｍｇ,ht
612140554,カルスロット錠５　５ｍｇ,ht
612140555,カルスロット錠１０　１０ｍｇ,ht
612140556,カルスロット錠２０　２０ｍｇ,ht
612140557,インヒベース錠０．２５　０．２５ｍｇ,ht
612140558,インヒベース錠０．５　０．５ｍｇ,ht
612140559,インヒベース錠１　１ｍｇ,ht
612140560,テナキシル錠１ｍｇ,ht
612140561,ナトリックス錠２　２ｍｇ,ht
612140580,アプレゾリン錠１０ｍｇ,ht
612140590,アプレゾリン錠２５ｍｇ,ht
612140595,アプレゾリン錠５０ｍｇ,ht
612140601,アポプロン散０．１％,ht
612140617,アルドメット錠１２５　１２５ｍｇ,ht
612140619,メチルドパ錠（ツルハラ）１２５　１２５ｍｇ,ht
612140620,アルドメット錠２５０　２５０ｍｇ,ht
612140637,メチルドパ錠（ツルハラ）２５０　２５０ｍｇ,ht
612140647,ゼストリル錠５　５ｍｇ,ht
612140648,ゼストリル錠１０　１０ｍｇ,ht
612140649,ゼストリル錠２０　２０ｍｇ,ht
612140650,ロンゲス錠５ｍｇ,ht
612140651,ロンゲス錠１０ｍｇ,ht
612140652,ロンゲス錠２０ｍｇ,ht
612140674,テナキシル錠２ｍｇ,ht
612140695,セレクトール錠１００ｍｇ,ht
612140696,セレクトール錠２００ｍｇ,ht
612140697,ヒポカ５ｍｇカプセル,ht
612140698,ヒポカ１０ｍｇカプセル,ht
612140699,ヒポカ１５ｍｇカプセル,ht
612140700,ケルロング錠５ｍｇ,ht
612140701,ケルロング錠１０ｍｇ,ht
612140702,アーチスト錠１０ｍｇ,ht
612140703,アーチスト錠２０ｍｇ,ht
612140704,チバセン錠２．５ｍｇ,ht
612140705,チバセン錠５ｍｇ,ht
612140706,チバセン錠１０ｍｇ,ht
612140711,タナトリル錠２．５　２．５ｍｇ,ht
612140712,タナトリル錠５　５ｍｇ,ht
612140713,タナトリル錠１０　１０ｍｇ,ht
612140718,ランデル錠１０　１０ｍｇ,ht
612140719,ランデル錠２０　２０ｍｇ,ht
612140720,エースコール錠１ｍｇ,ht
612140721,エースコール錠２ｍｇ,ht
612140722,エースコール錠４ｍｇ,ht
612190103,ペルジピン錠１０ｍｇ,ht
612190236,ニスタジール錠２０　２０ｍｇ,ht
612190250,ニスタジール錠１０　１０ｍｇ,ht
620000040,サプレスタカプセル５ｍｇ,ht
620000041,サプレスタカプセル１０ｍｇ,ht
620000080,トーワジール錠２ｍｇ,ht
620000081,ナフトジール錠２　２ｍｇ,ht
620000082,ナフトジール錠４　４ｍｇ,ht
620000131,ベックカプセル５ｍｇ,ht
620000132,ベックカプセル１０ｍｇ,ht
620001877,エナラプリルマレイン酸塩１０ｍｇ錠,ht
620002132,マニカロット錠５ｍｇ,ht
620002133,マニカロット錠１０ｍｇ,ht
620002134,マニカロット錠２０ｍｇ,ht
620002145,メシル酸ドキサゾシン錠１「ＭＥＥＫ」　１ｍｇ,ht
620002146,メシル酸ドキサゾシン錠２「ＭＥＥＫ」　２ｍｇ,ht
620002422,ディオバン錠１６０ｍｇ,ht
620002429,ミカルディス錠２０ｍｇ,ht
620002430,ミカルディス錠４０ｍｇ,ht
620002700,カトラジール錠２．５ｍｇ,ht
620002701,カトラジール錠５ｍｇ,ht
620002757,トーワジール錠４ｍｇ,ht
620003178,ミケランＬＡカプセル１５ｍｇ,ht
620003262,ペリンドプリル錠２ｍｇ「日医工」,ht
620003263,ペリンドプリル錠４ｍｇ「日医工」,ht
620003565,セロケンＬ錠１２０ｍｇ,ht
620003617,ペルジピンＬＡカプセル２０ｍｇ,ht
620003618,ペルジピンＬＡカプセル４０ｍｇ,ht
620004467,カタプレス錠７５μｇ　０．０７５ｍｇ,ht
620004468,カタプレス錠１５０μｇ　０．１５ｍｇ,ht
620004539,ニスタジール散１０％,ht
620004919,アレステン錠１５０ｍｇ,ht
620005002,サプレスタ顆粒２％,ht
620005102,ベック顆粒２％,ht
620005523,ニルバジピン錠２ｍｇ「ＪＧ」,ht
620005524,ニルバジピン錠４ｍｇ「ＪＧ」,ht
620005824,セララ錠２５ｍｇ,ht
620005825,セララ錠５０ｍｇ,ht
620005826,セララ錠１００ｍｇ,ht
620005935,エブランチルカプセル１５ｍｇ,ht
620005936,エブランチルカプセル３０ｍｇ,ht
620006158,リシノプリル錠１０ｍｇ「トーワ」,ht
620006563,エナラプリルマレイン酸塩錠５ｍｇ「ＣＨ」,ht
620006564,エナラプリルマレイン酸塩錠１０ｍｇ「ＣＨ」,ht
620006793,アバプロ錠５０ｍｇ,ht
620006794,アバプロ錠１００ｍｇ,ht
620006796,イルベタン錠５０ｍｇ,ht
620006797,イルベタン錠１００ｍｇ,ht
620007160,ワイテンス錠２ｍｇ,ht
620007917,イミダプリル塩酸塩錠２．５ｍｇ「オーハラ」,ht
620007918,イミダプリル塩酸塩錠２．５ｍｇ「ＪＧ」,ht
620007920,イミダプリル塩酸塩錠２．５ｍｇ「ＴＣＫ」,ht
620007921,イミダプリル塩酸塩錠２．５ｍｇ「ＴＹＫ」,ht
620007923,イミダプリル塩酸塩錠５ｍｇ「オーハラ」,ht
620007924,イミダプリル塩酸塩錠５ｍｇ「ＪＧ」,ht
620007926,イミダプリル塩酸塩錠５ｍｇ「ＴＣＫ」,ht
620007927,イミダプリル塩酸塩錠５ｍｇ「ＴＹＫ」,ht
620007929,イミダプリル塩酸塩錠１０ｍｇ「オーハラ」,ht
620007930,イミダプリル塩酸塩錠１０ｍｇ「ＪＧ」,ht
620007932,イミダプリル塩酸塩錠１０ｍｇ「ＴＣＫ」,ht
620007933,イミダプリル塩酸塩錠１０ｍｇ「ＴＹＫ」,ht
620007943,エナラプリルＭ錠２．５「ＥＭＥＣ」　２．５ｍｇ,ht
620007944,エナラプリルＭ錠１０「ＥＭＥＣ」　１０ｍｇ,ht
620008285,アポプロン錠０．２５ｍｇ,ht
620008291,エナラプリルマレイン酸塩錠２．５ｍｇ「ＣＨ」,ht
620008347,ユープレスドパ錠２５０ｍｇ,ht
620008452,イミダプリル塩酸塩錠２．５ｍｇ「ガレン」,ht
620008453,イミダプリル塩酸塩錠２．５ｍｇ「ケミファ」,ht
620008454,イミダプリル塩酸塩錠２．５ｍｇ「サワイ」,ht
620008455,イミダプリル塩酸塩錠２．５ｍｇ「トーワ」,ht
620008456,イミダプリル塩酸塩錠２．５ｍｇ「日医工」,ht
620008457,イミダプリル塩酸塩錠２．５ｍｇ「ＰＨ」,ht
620008458,イミダプリル塩酸塩錠２．５ｍｇ「ＹＤ」,ht
620008459,イミダプリル塩酸塩錠５ｍｇ「ガレン」,ht
620008460,イミダプリル塩酸塩錠５ｍｇ「ケミファ」,ht
620008461,イミダプリル塩酸塩錠５ｍｇ「サワイ」,ht
620008462,イミダプリル塩酸塩錠５ｍｇ「トーワ」,ht
620008463,イミダプリル塩酸塩錠５ｍｇ「日医工」,ht
620008464,イミダプリル塩酸塩錠５ｍｇ「ＰＨ」,ht
620008465,イミダプリル塩酸塩錠５ｍｇ「ＹＤ」,ht
620008466,イミダプリル塩酸塩錠１０ｍｇ「ガレン」,ht
620008467,イミダプリル塩酸塩錠１０ｍｇ「ケミファ」,ht
620008468,イミダプリル塩酸塩錠１０ｍｇ「サワイ」,ht
620008469,イミダプリル塩酸塩錠１０ｍｇ「トーワ」,ht
620008470,イミダプリル塩酸塩錠１０ｍｇ「日医工」,ht
620008471,イミダプリル塩酸塩錠１０ｍｇ「ＰＨ」,ht
620008472,イミダプリル塩酸塩錠１０ｍｇ「ＹＤ」,ht
620008602,カプトリル−Ｒカプセル１８．７５ｍｇ,ht
620008603,カプトリル細粒５％,ht
620008781,ロプレソールＳＲ錠１２０ｍｇ,ht
620009090,エカード配合錠ＨＤ,ht
620009091,エカード配合錠ＬＤ,ht
620009092,コディオ配合錠ＥＸ,ht
620009093,コディオ配合錠ＭＤ,ht
620009106,ニューロタン錠１００ｍｇ,ht
620009126,ニューロタン錠２５ｍｇ,ht
620009127,ニューロタン錠５０ｍｇ,ht
620009318,シルニジピン錠５ｍｇ「サワイ」,ht
620009319,シルニジピン錠１０ｍｇ「サワイ」,ht
620009355,テモカプリル塩酸塩錠１ｍｇ「ＮＳ」,ht
620009357,テモカプリル塩酸塩錠１ｍｇ「ＮＰ」,ht
620009358,テモカプリル塩酸塩錠１ｍｇ「サワイ」,ht
620009360,テモカプリル塩酸塩錠１ｍｇ「ＪＧ」,ht
620009361,テモカプリル塩酸塩錠１ｍｇ「タイヨー」,ht
620009362,テモカプリル塩酸塩錠１ｍｇ「タカタ」,ht
620009363,テモカプリル塩酸塩錠１ｍｇ「タナベ」,ht
620009364,テモカプリル塩酸塩錠１ｍｇ「ＴＣＫ」,ht
620009365,テモカプリル塩酸塩錠１ｍｇ「日医工」,ht
620009367,テモカプリル塩酸塩錠１ｍｇ「ＹＤ」,ht
620009368,テモカプリル塩酸塩錠２ｍｇ「ＮＳ」,ht
620009370,テモカプリル塩酸塩錠２ｍｇ「ＮＰ」,ht
620009371,テモカプリル塩酸塩錠２ｍｇ「サワイ」,ht
620009373,テモカプリル塩酸塩錠２ｍｇ「ＪＧ」,ht
620009374,テモカプリル塩酸塩錠２ｍｇ「タイヨー」,ht
620009375,テモカプリル塩酸塩錠２ｍｇ「タカタ」,ht
620009376,テモカプリル塩酸塩錠２ｍｇ「タナベ」,ht
620009377,テモカプリル塩酸塩錠２ｍｇ「ＴＣＫ」,ht
620009378,テモカプリル塩酸塩錠２ｍｇ「日医工」,ht
620009380,テモカプリル塩酸塩錠２ｍｇ「ＹＤ」,ht
620009381,テモカプリル塩酸塩錠４ｍｇ「ＮＳ」,ht
620009383,テモカプリル塩酸塩錠４ｍｇ「ＮＰ」,ht
620009384,テモカプリル塩酸塩錠４ｍｇ「サワイ」,ht
620009386,テモカプリル塩酸塩錠４ｍｇ「ＪＧ」,ht
620009387,テモカプリル塩酸塩錠４ｍｇ「タイヨー」,ht
620009388,テモカプリル塩酸塩錠４ｍｇ「タカタ」,ht
620009389,テモカプリル塩酸塩錠４ｍｇ「タナベ」,ht
620009390,テモカプリル塩酸塩錠４ｍｇ「ＴＣＫ」,ht
620009391,テモカプリル塩酸塩錠４ｍｇ「日医工」,ht
620009393,テモカプリル塩酸塩錠４ｍｇ「ＹＤ」,ht
620009394,ドキサゾシン錠０．５ｍｇ「タナベ」,ht
620009395,ドキサゾシン錠１ｍｇ「タナベ」,ht
620009396,ドキサゾシン錠２ｍｇ「タナベ」,ht
620009397,ドキサゾシン錠４ｍｇ「タナベ」,ht
620009442,メシル酸ドキサゾシン錠０．５「ＭＥＥＫ」　０．５ｍｇ,ht
620009443,メシル酸ドキサゾシン錠４「ＭＥＥＫ」　４ｍｇ,ht
620273914,１０％アプレゾリン散「ＳＵＮ」,ht
620281201,アラセプリル錠１２．５ｍｇ「日医工」,ht
620281304,アラセプリル錠１２．５ｍｇ「ＪＧ」,ht
620281601,アラセプリル錠２５ｍｇ「タイヨー」,ht
620281801,アラセプリル錠２５ｍｇ「日医工」,ht
620282504,アラセプリル錠２５ｍｇ「ＪＧ」,ht
620282601,アラセプリル錠２５ｍｇ「サワイ」,ht
620289301,ラベタロール塩酸塩錠５０ｍｇ「トーワ」,ht
620289701,ラベタロール塩酸塩錠１００ｍｇ「トーワ」,ht
620290102,メトプロロール酒石酸塩錠２０ｍｇ「テバ」,ht
620290104,メトプロロール酒石酸塩錠２０ｍｇ「ＴＣＫ」,ht
620290106,メトプロロール酒石酸塩錠２０ｍｇ「トーワ」,ht
620290111,メトプロロール酒石酸塩錠２０ｍｇ「ＪＧ」,ht
620293401,プロプラノロール塩酸塩徐放カプセル６０ｍｇ「サワイ」,ht
620295101,ニカルジピン塩酸塩徐放カプセル２０ｍｇ「日医工」,ht
620295802,ニカルジピン塩酸塩徐放カプセル４０ｍｇ「日医工」,ht
620302701,ベハイドＲＡ配合錠,ht
620347801,ニカルジピン塩酸塩散１０％「日医工」,ht
620348001,ニカルジピン塩酸塩散１０％「トーワ」,ht
620348401,ニカルジピン塩酸塩錠１０ｍｇ「トーワ」,ht
620349001,ニカルジピン塩酸塩錠２０ｍｇ「日新」,ht
620349101,ニカルジピン塩酸塩錠２０ｍｇ「日医工」,ht
620349302,ニカルジピン塩酸塩錠２０ｍｇ「ツルハラ」,ht
620349501,ニカルジピン塩酸塩錠２０ｍｇ「サワイ」,ht
620349901,ニカルジピン塩酸塩錠２０ｍｇ「トーワ」,ht
620350201,ニカルジピン塩酸塩錠２０ｍｇ「ＴＣＫ」,ht
621243302,エナラプリルマレイン酸塩錠２．５ｍｇ「ファイザー」,ht
621243402,エナラプリルマレイン酸塩錠２．５ｍｇ「フソー」,ht
621243701,エナラプリルマレイン酸塩錠２．５ｍｇ「ＭＥＤ」,ht
621243801,エナラプリルマレイン酸塩錠２．５ｍｇ「タイヨー」,ht
621244402,エナラプリルマレイン酸塩錠５ｍｇ「ファイザー」,ht
621244502,エナラプリルマレイン酸塩錠５ｍｇ「フソー」,ht
621244602,エナラプリルマレイン酸塩錠５ｍｇ「日新」,ht
621245002,エナラプリルマレイン酸塩錠５ｍｇ「オーハラ」,ht
621245301,エナラプリルマレイン酸塩錠５ｍｇ「ＭＥＤ」,ht
621245402,エナラプリルマレイン酸塩錠５ｍｇ「ケミファ」,ht
621245501,エナラプリルマレイン酸塩錠５ｍｇ「タイヨー」,ht
621245602,エナラプリルマレイン酸塩錠１０ｍｇ「ＴＣＫ」,ht
621245901,アラセプリル錠２５ｍｇ「日新」,ht
621246201,リシノプリル錠１０ｍｇ「オーハラ」,ht
621246301,リシノプリル錠１０ｍｇ「タイヨー」,ht
621246401,リシノプリル錠１０ｍｇ「サワイ」,ht
621246501,リシノプリル錠１０ｍｇ「日医工」,ht
621248601,セリプロロール塩酸塩錠１００ｍｇ「日医工」,ht
621248701,セリプロロール塩酸塩錠１００ｍｇ「テバ」,ht
621248803,セリプロロール塩酸塩錠１００ｍｇ「ＣＨ」,ht
621248901,セリプロロール塩酸塩錠２００ｍｇ「日医工」,ht
621249001,セリプロロール塩酸塩錠２００ｍｇ「テバ」,ht
621249103,セリプロロール塩酸塩錠２００ｍｇ「ＣＨ」,ht
621256201,ニカルジピン塩酸塩錠１０ｍｇ「ツルハラ」,ht
621365602,カプトプリル細粒５％「日医工」,ht
621365713,カプトプリル錠１２．５ｍｇ「日医工」,ht
621365736,カプトプリル錠１２．５ｍｇ「ＪＧ」,ht
621365810,カプトプリル錠２５ｍｇ「日医工」,ht
621365821,カプトプリル錠２５ｍｇ「トーワ」,ht
621365822,カプトプリル錠２５「ＳＷ」　２５ｍｇ,ht
621365823,カプトプリル錠２５ｍｇ「ＪＧ」,ht
621366703,メトプロロール酒石酸塩錠４０ｍｇ「テバ」,ht
621366706,メトプロロール酒石酸塩錠４０ｍｇ「トーワ」,ht
621366715,メトプロロール酒石酸塩錠４０ｍｇ「ＹＤ」,ht
621366718,メトプロロール酒石酸塩錠４０ｍｇ「サワイ」,ht
621366720,メトプロロール酒石酸塩錠４０ｍｇ「ＪＧ」,ht
621401401,エナラプリルマレイン酸塩錠２．５ｍｇ「サワイ」,ht
621401501,エナラプリルマレイン酸塩錠５ｍｇ「トーワ」,ht
621401701,エナラプリルマレイン酸塩錠５ｍｇ「サワイ」,ht
621402202,リシノプリル錠１０ｍｇ「ファイザー」,ht
621402601,セリプロロール塩酸塩錠１００ｍｇ「トーワ」,ht
621402701,セリプロロール塩酸塩錠２００ｍｇ「トーワ」,ht
621469201,ニルバジピン錠２ｍｇ「サワイ」,ht
621469301,ニルバジピン錠４ｍｇ「日医工」,ht
621469401,ニルバジピン錠４ｍｇ「サワイ」,ht
621469501,ベタキソロール塩酸塩錠５ｍｇ「テバ」,ht
621469601,ベタキソロール塩酸塩錠５ｍｇ「サワイ」,ht
621469801,ベタキソロール塩酸塩錠１０ｍｇ「テバ」,ht
621469901,ベタキソロール塩酸塩錠１０ｍｇ「トーワ」,ht
621470001,ベタキソロール塩酸塩錠１０ｍｇ「サワイ」,ht
621470101,カルベジロール錠１０ｍｇ「サワイ」,ht
621470201,カルベジロール錠１０ｍｇ「トーワ」,ht
621470301,カルベジロール錠２０ｍｇ「サワイ」,ht
621470401,カルベジロール錠２０ｍｇ「トーワ」,ht
621520501,カルベジロール錠１０ｍｇ「テバ」,ht
621520601,カルベジロール錠２０ｍｇ「テバ」,ht
621525601,ベナゼプリル塩酸塩錠５ｍｇ「ＴＣＫ」,ht
621526102,トランドラプリル錠０．５ｍｇ「オーハラ」,ht
621526202,トランドラプリル錠１ｍｇ「オーハラ」,ht
621526301,トランドラプリル錠１ｍｇ「トーワ」,ht
621526601,ニルバジピン錠２ｍｇ「トーワ」,ht
621530201,トランドラプリル錠１ｍｇ「サワイ」,ht
621530501,ベナゼプリル塩酸塩錠５ｍｇ「サワイ」,ht
621573601,エナラプリルマレイン酸塩錠５ｍｇ「ＪＧ」,ht
621573701,エナラプリルマレイン酸塩錠１０ｍｇ「日新」,ht
621622501,ドキサゾシン錠０．５ｍｇ「テバ」,ht
621622701,ドキサゾシン錠１ｍｇ「テバ」,ht
621622801,ドキサゾシン錠２ｍｇ「テバ」,ht
621622901,ドキサゾシン錠４ｍｇ「テバ」,ht
621623001,マニジピン塩酸塩錠１０ｍｇ「タイヨー」,ht
621623101,マニジピン塩酸塩錠２０ｍｇ「タイヨー」,ht
621628601,ドキサゾシン錠１ｍｇ「ＮＰ」,ht
621628701,ドキサゾシン錠２ｍｇ「ＮＰ」,ht
621629301,シラザプリル錠１ｍｇ「サワイ」,ht
621630801,マニジピン塩酸塩錠１０ｍｇ「日新」,ht
621630901,マニジピン塩酸塩錠２０ｍｇ「日新」,ht
621631501,ドキサゾシン錠１ｍｇ「ＮＳ」,ht
621631601,ドキサゾシン錠２ｍｇ「ＮＳ」,ht
621631801,ドキサゾシン錠１ｍｇ「サワイ」,ht
621631901,ドキサゾシン錠２ｍｇ「サワイ」,ht
621632201,エナラプリルマレイン酸塩錠２．５ｍｇ「トーワ」,ht
621632301,エナラプリルマレイン酸塩錠１０ｍｇ「トーワ」,ht
621632401,マニジピン塩酸塩錠１０ｍｇ「サワイ」,ht
621632501,マニジピン塩酸塩錠２０ｍｇ「サワイ」,ht
621632804,ドキサゾシン錠１ｍｇ「ＪＧ」,ht
621632904,ドキサゾシン錠２ｍｇ「ＪＧ」,ht
621633801,ベタキソロール塩酸塩錠５ｍｇ「トーワ」,ht
621634701,マニジピン塩酸塩錠１０ｍｇ「トーワ」,ht
621634801,マニジピン塩酸塩錠２０ｍｇ「トーワ」,ht
621635101,シラザプリル錠１ｍｇ「トーワ」,ht
621635901,ドキサゾシン錠１ｍｇ「ＴＣＫ」,ht
621636001,ドキサゾシン錠２ｍｇ「ＴＣＫ」,ht
621636401,ドキサゾシン錠１ｍｇ「日医工」,ht
621636501,ドキサゾシン錠２ｍｇ「日医工」,ht
621636601,ドキサゾシン錠１ｍｇ「トーワ」,ht
621636701,ドキサゾシン錠２ｍｇ「トーワ」,ht
621638004,マニジピン塩酸塩錠１０ｍｇ「ＪＧ」,ht
621638104,マニジピン塩酸塩錠２０ｍｇ「ＪＧ」,ht
621638801,ドキサゾシン錠１ｍｇ「ＥＭＥＣ」,ht
621638901,ドキサゾシン錠２ｍｇ「ＥＭＥＣ」,ht
621640901,マニジピン塩酸塩錠１０ｍｇ「日医工」,ht
621641001,マニジピン塩酸塩錠２０ｍｇ「日医工」,ht
621641101,マニジピン塩酸塩錠１０ｍｇ「ＹＤ」,ht
621641201,マニジピン塩酸塩錠２０ｍｇ「ＹＤ」,ht
621641601,ドキサゾシン錠１ｍｇ「ＹＤ」,ht
621641701,ドキサゾシン錠２ｍｇ「ＹＤ」,ht
621642802,エナラプリルマレイン酸塩錠２．５ｍｇ「オーハラ」,ht
621642902,エナラプリルマレイン酸塩錠１０ｍｇ「オーハラ」,ht
621671702,フェロジピン錠２．５ｍｇ「武田テバ」,ht
621671802,フェロジピン錠５ｍｇ「武田テバ」,ht
621676601,リシノプリル錠５ｍｇ「オーハラ」,ht
621681701,ドキサゾシン錠１ｍｇ「ＭＥＤ」,ht
621681801,ドキサゾシン錠２ｍｇ「ＭＥＤ」,ht
621681901,カルベジロール錠１０ｍｇ「ＴＣＫ」,ht
621682001,カルベジロール錠２０ｍｇ「ＴＣＫ」,ht
621682801,ペリンドプリルエルブミン錠２ｍｇ「サワイ」,ht
621682901,ペリンドプリルエルブミン錠４ｍｇ「サワイ」,ht
621683601,シラザプリル錠０．５ｍｇ「トーワ」,ht
621684301,ベナゼプリル塩酸塩錠２．５ｍｇ「ＴＣＫ」,ht
621684401,ベナゼプリル塩酸塩錠１０ｍｇ「ＴＣＫ」,ht
621685001,ニルバジピン錠４ｍｇ「トーワ」,ht
621689701,ペリンドプリルエルブミン錠２ｍｇ「トーワ」,ht
621689801,ペリンドプリルエルブミン錠４ｍｇ「トーワ」,ht
621720801,セリプロロール塩酸塩錠２００ｍｇ「ＪＧ」,ht
621744701,ドキサゾシン錠０．５ｍｇ「ＴＣＫ」,ht
621744801,ドキサゾシン錠４ｍｇ「ＴＣＫ」,ht
621769402,プレミネント配合錠ＬＤ,ht
621835001,イミダプリル塩酸塩錠２．５ｍｇ「テバ」,ht
621835101,イミダプリル塩酸塩錠５ｍｇ「テバ」,ht
621835201,イミダプリル塩酸塩錠１０ｍｇ「テバ」,ht
621852502,イミダプリル塩酸塩錠２．５ｍｇ「ＤＳＥＰ」,ht
621852602,イミダプリル塩酸塩錠５ｍｇ「ＤＳＥＰ」,ht
621852702,イミダプリル塩酸塩錠１０ｍｇ「ＤＳＥＰ」,ht
621865301,トランドラプリル錠０．５ｍｇ「トーワ」,ht
621866501,トランドラプリル錠０．５ｍｇ「サワイ」,ht
621890901,エナラプリルマレイン酸塩錠１０ｍｇ「サワイ」,ht
621891001,エナラプリルマレイン酸塩錠１０ｍｇ「ＭＥＤ」,ht
621926601,ミコンビ配合錠ＡＰ,ht
621926701,ミコンビ配合錠ＢＰ,ht
621932501,ラジレス錠１５０ｍｇ,ht
621934601,シルニジピン錠５ｍｇ「タイヨー」,ht
621934701,シルニジピン錠１０ｍｇ「タイヨー」,ht
621936101,マニジピン塩酸塩錠５ｍｇ「タイヨー」,ht
621938302,マニジピン塩酸塩錠５ｍｇ「日新」,ht
621941502,マニジピン塩酸塩錠５ｍｇ「ＹＤ」,ht
621945101,テモカプリル塩酸塩錠１ｍｇ「トーワ」,ht
621945201,テモカプリル塩酸塩錠２ｍｇ「トーワ」,ht
621945301,テモカプリル塩酸塩錠４ｍｇ「トーワ」,ht
621945401,リシノプリル錠５ｍｇ「トーワ」,ht
621945501,リシノプリル錠２０ｍｇ「トーワ」,ht
621945602,マニジピン塩酸塩錠５ｍｇ「トーワ」,ht
621956403,マニジピン塩酸塩錠５ｍｇ「ＪＧ」,ht
621960402,マニジピン塩酸塩錠５ｍｇ「サワイ」,ht
621960702,ニカルジピン塩酸塩錠１０ｍｇ「日医工」,ht
621963902,ニカルジピン塩酸塩錠１０ｍｇ「サワイ」,ht
621965002,マニジピン塩酸塩錠５ｍｇ「日医工」,ht
621965402,メトプロロール酒石酸塩錠２０ｍｇ「サワイ」,ht
621966002,リシノプリル錠５ｍｇ「サワイ」,ht
621966102,リシノプリル錠２０ｍｇ「サワイ」,ht
621966202,リシノプリル錠５ｍｇ「日医工」,ht
621966302,リシノプリル錠２０ｍｇ「日医工」,ht
621974501,レザルタス配合錠ＬＤ,ht
621974601,レザルタス配合錠ＨＤ,ht
621975302,エナラプリル錠２．５ＭＥＥＫ　２．５ｍｇ,ht
621977101,セリプロロール塩酸塩錠１００ｍｇ「ＪＧ」,ht
621977602,エナラプリルマレイン酸塩錠１０ｍｇ「ファイザー」,ht
621978502,シラザプリル錠０．２５ｍｇ「トーワ」,ht
621979801,エナラート錠１０ｍｇ,ht
621980801,エックスフォージ配合錠,ht
621986501,ユニシア配合錠ＬＤ,ht
621986601,ユニシア配合錠ＨＤ,ht
621987002,アラセプリル錠５０ｍｇ「日医工」,ht
621991702,シラザプリル錠０．２５ｍｇ「サワイ」,ht
621992502,アラセプリル錠１２．５ｍｇ「サワイ」,ht
621992602,アラセプリル錠５０ｍｇ「サワイ」,ht
621999101,ミカルディス錠８０ｍｇ,ht
622006801,ミカムロ配合錠ＡＰ,ht
622022201,シルニジピン錠５ｍｇ「ＡＦＰ」,ht
622022301,シルニジピン錠１０ｍｇ「ＡＦＰ」,ht
622023701,エナラプリルマレイン酸塩錠２．５ｍｇ「ＪＧ」,ht
622023901,エナラプリルマレイン酸塩錠１０ｍｇ「ＪＧ」,ht
622024201,シルニジピン錠５ｍｇ「ＪＧ」,ht
622024301,シルニジピン錠１０ｍｇ「ＪＧ」,ht
622025404,エナラプリルマレイン酸塩錠２．５ｍｇ「ケミファ」,ht
622025504,エナラプリルマレイン酸塩錠１０ｍｇ「ケミファ」,ht
622028801,エナラート錠２．５ｍｇ,ht
622031901,ファルプリル錠１０　１０ｍｇ,ht
622038701,エナリン錠１０ｍｇ,ht
622038702,エナラプリルマレイン酸塩錠１０ｍｇ「フソー」,ht
622039202,シルニジピン錠５ｍｇ「ＦＦＰ」,ht
622039302,シルニジピン錠１０ｍｇ「ＦＦＰ」,ht
622039401,セリース錠１０ｍｇ,ht
622047002,リシノプリル錠２０ｍｇ「オーハラ」,ht
622049001,カルベジロール錠１０ｍｇ「アメル」,ht
622049101,カルベジロール錠２０ｍｇ「アメル」,ht
622049501,ドキサゾシン錠０．５ｍｇ「アメル」,ht
622049601,ドキサゾシン錠１ｍｇ「アメル」,ht
622049701,ドキサゾシン錠２ｍｇ「アメル」,ht
622049801,ドキサゾシン錠４ｍｇ「アメル」,ht
622052402,シラザプリル錠０．５ｍｇ「サワイ」,ht
622054202,ドキサゾシン錠０．５ｍｇ「ＪＧ」,ht
622060702,ドキサゾシン錠４ｍｇ「ＪＧ」,ht
622063902,ドキサゾシン錠０．５ｍｇ「ＮＳ」,ht
622064002,ドキサゾシン錠４ｍｇ「ＮＳ」,ht
622064202,ニカルジピン塩酸塩錠１０ｍｇ「日新」,ht
622064403,エナラプリルマレイン酸塩錠２．５ｍｇ「日新」,ht
622064502,アラセプリル錠１２．５ｍｇ「日新」,ht
622064602,アラセプリル錠５０ｍｇ「日新」,ht
622066901,ニカルジピン塩酸塩錠１０ｍｇ「ＴＣＫ」,ht
622067201,スパシオール錠２．５ｍｇ,ht
622072601,ニルバジピン錠２ｍｇ「日医工」,ht
622076001,ドキサゾシン錠０．５ｍｇ「ＥＭＥＣ」,ht
622076101,ドキサゾシン錠４ｍｇ「ＥＭＥＣ」,ht
622076902,リシノプリル錠５ｍｇ「ファイザー」,ht
622077002,リシノプリル錠２０ｍｇ「ファイザー」,ht
622095501,カルベジロール錠１０ｍｇ「タナベ」,ht
622095601,カルベジロール錠２０ｍｇ「タナベ」,ht
622096302,アラセプリル錠５０ｍｇ「ＪＧ」,ht
622097101,タルロング錠５ｍｇ,ht
622098602,ドキサゾシン錠０．５ｍｇ「ＭＥＤ」,ht
622098702,ドキサゾシン錠４ｍｇ「ＭＥＤ」,ht
622099401,ドキサゾシン錠０．５ｍｇ「サワイ」,ht
622099501,ドキサゾシン錠４ｍｇ「サワイ」,ht
622100202,ベナゼプリル塩酸塩錠１０ｍｇ「サワイ」,ht
622100302,ベナゼプリル塩酸塩錠２．５ｍｇ「サワイ」,ht
622101901,エナラプリルマレイン酸塩錠１０ｍｇ「タイヨー」,ht
622102001,アラセプリル錠１２．５ｍｇ「タイヨー」,ht
622102101,アラセプリル錠５０ｍｇ「タイヨー」,ht
622102201,リシノプリル錠５ｍｇ「タイヨー」,ht
622102301,リシノプリル錠２０ｍｇ「タイヨー」,ht
622105701,メトプロロール酒石酸塩錠４０ｍｇ「ＴＣＫ」,ht
622108001,エナラプリル錠１０ＭＥＥＫ　１０ｍｇ,ht
622110102,ドキサゾシン錠０．５ｍｇ「トーワ」,ht
622110202,ドキサゾシン錠４ｍｇ「トーワ」,ht
622117102,メトプロロール酒石酸塩錠２０ｍｇ「ＹＤ」,ht
622117301,ドキサゾシン錠０．５ｍｇ「ＹＤ」,ht
622117401,ドキサゾシン錠４ｍｇ「ＹＤ」,ht
622125302,ドキサゾシン錠０．５ｍｇ「ＮＰ」,ht
622125402,ドキサゾシン錠４ｍｇ「ＮＰ」,ht
622128402,ドキサゾシン錠０．５ｍｇ「日医工」,ht
622128502,ドキサゾシン錠４ｍｇ「日医工」,ht
622134301,ロサルタンＫ錠２５ｍｇ「明治」,ht
622134401,ロサルタンＫ錠５０ｍｇ「明治」,ht
622134501,ロサルタンＫ錠１００ｍｇ「明治」,ht
622136701,ロサルタンＫ錠２５ｍｇ「ＥＥ」,ht
622136801,ロサルタンＫ錠５０ｍｇ「ＥＥ」,ht
622136901,ロサルタンＫ錠１００ｍｇ「ＥＥ」,ht
622138001,ロサルタンカリウム錠１００ｍｇ「マヤ」,ht
622138901,ロサルタンＫ錠２５ｍｇ「オーハラ」,ht
622139001,ロサルタンＫ錠５０ｍｇ「オーハラ」,ht
622139101,ロサルタンＫ錠１００ｍｇ「オーハラ」,ht
622140101,ロサルタンＫ錠２５ｍｇ「ＫＮ」,ht
622140201,ロサルタンＫ錠５０ｍｇ「ＫＮ」,ht
622140301,ロサルタンＫ錠１００ｍｇ「ＫＮ」,ht
622142601,ロサルタンＫ錠２５ｍｇ「トーワ」,ht
622142701,ロサルタンＫ錠５０ｍｇ「トーワ」,ht
622142801,ロサルタンＫ錠１００ｍｇ「トーワ」,ht
622143501,アジルバ錠２０ｍｇ,ht
622143601,アジルバ錠４０ｍｇ,ht
622144801,ロサルタンカリウム錠２５ｍｇ「アメル」,ht
622144901,ロサルタンカリウム錠５０ｍｇ「アメル」,ht
622145001,ロサルタンカリウム錠１００ｍｇ「アメル」,ht
622145901,ロサルタンＫ錠２５ｍｇ「タカタ」,ht
622146001,ロサルタンＫ錠５０ｍｇ「タカタ」,ht
622146101,ロサルタンＫ錠１００ｍｇ「タカタ」,ht
622146401,イミダプリル塩酸塩錠２．５ｍｇ「ファイザー」,ht
622146501,イミダプリル塩酸塩錠５ｍｇ「ファイザー」,ht
622146601,イミダプリル塩酸塩錠１０ｍｇ「ファイザー」,ht
622146801,ロサルタンＫ錠２５ｍｇ「ファイザー」,ht
622146901,ロサルタンＫ錠５０ｍｇ「ファイザー」,ht
622147001,ロサルタンＫ錠１００ｍｇ「ファイザー」,ht
622150101,ロサルタンカリウム錠２５ｍｇ「ＹＤ」,ht
622150201,ロサルタンカリウム錠５０ｍｇ「ＹＤ」,ht
622150301,ロサルタンカリウム錠１００ｍｇ「ＹＤ」,ht
622151701,ロサルタンカリウム錠２５ｍｇ「ＢＭＤ」,ht
622151801,ロサルタンカリウム錠５０ｍｇ「ＢＭＤ」,ht
622151901,ロサルタンカリウム錠１００ｍｇ「ＢＭＤ」,ht
622152401,ロサルタンカリウム錠２５ｍｇ「ＺＥ」,ht
622152501,ロサルタンカリウム錠５０ｍｇ「ＺＥ」,ht
622152601,ロサルタンカリウム錠１００ｍｇ「ＺＥ」,ht
622153001,ロサルタンＫ錠２５ｍｇ「日新」,ht
622153101,ロサルタンＫ錠５０ｍｇ「日新」,ht
622153201,ロサルタンＫ錠１００ｍｇ「日新」,ht
622153501,ロサルタンカリウム錠２５ｍｇ「ＦＦＰ」,ht
622153601,ロサルタンカリウム錠５０ｍｇ「ＦＦＰ」,ht
622153701,ロサルタンカリウム錠１００ｍｇ「ＦＦＰ」,ht
622155001,ロサルタンカリウム錠２５ｍｇ「ＫＯＧ」,ht
622155101,ロサルタンカリウム錠５０ｍｇ「ＫＯＧ」,ht
622155201,ロサルタンカリウム錠１００ｍｇ「ＫＯＧ」,ht
622156601,ロサルタンカリウム錠２５ｍｇ「ＴＣＫ」,ht
622156701,ロサルタンカリウム錠５０ｍｇ「ＴＣＫ」,ht
622156801,ロサルタンカリウム錠１００ｍｇ「ＴＣＫ」,ht
622158001,ロサルタンカリウム錠２５ｍｇ「テバ」,ht
622158101,ロサルタンカリウム錠５０ｍｇ「テバ」,ht
622158201,ロサルタンカリウム錠１００ｍｇ「テバ」,ht
622160301,ロサルタンカリウム錠２５ｍｇ「ＡＡ」,ht
622160401,ロサルタンカリウム錠５０ｍｇ「ＡＡ」,ht
622160501,ロサルタンカリウム錠１００ｍｇ「ＡＡ」,ht
622162201,ロサルタンカリウム錠２５ｍｇ「モチダ」,ht
622162301,ロサルタンカリウム錠５０ｍｇ「モチダ」,ht
622162401,ロサルタンカリウム錠１００ｍｇ「モチダ」,ht
622163001,ロサルタンカリウム錠２５ｍｇ「ケミファ」,ht
622163101,ロサルタンカリウム錠５０ｍｇ「ケミファ」,ht
622163201,ロサルタンカリウム錠１００ｍｇ「ケミファ」,ht
622165301,ロサルタンカリウム錠２５ｍｇ「ＮＰ」,ht
622165401,ロサルタンカリウム錠５０ｍｇ「ＮＰ」,ht
622165501,ロサルタンカリウム錠１００ｍｇ「ＮＰ」,ht
622166501,ロサルタンカリウム錠２５ｍｇ「ＪＧ」,ht
622166601,ロサルタンカリウム錠５０ｍｇ「ＪＧ」,ht
622166701,ロサルタンカリウム錠１００ｍｇ「ＪＧ」,ht
622168601,ロサルタンカリウム錠２５ｍｇ「サワイ」,ht
622168701,ロサルタンカリウム錠５０ｍｇ「サワイ」,ht
622168801,ロサルタンカリウム錠１００ｍｇ「サワイ」,ht
622171001,ロサルタンＫ錠２５ｍｇ「ＤＳＥＰ」,ht
622171101,ロサルタンＫ錠５０ｍｇ「ＤＳＥＰ」,ht
622171201,ロサルタンＫ錠１００ｍｇ「ＤＳＥＰ」,ht
622173501,ロサルタンカリウム錠２５ｍｇ「日医工」,ht
622173601,ロサルタンカリウム錠５０ｍｇ「日医工」,ht
622173701,ロサルタンカリウム錠１００ｍｇ「日医工」,ht
622174601,ロサルタンカリウム錠２５ｍｇ「ＤＫ」,ht
622174701,ロサルタンカリウム錠５０ｍｇ「ＤＫ」,ht
622174801,ロサルタンカリウム錠１００ｍｇ「ＤＫ」,ht
622176001,ロサルタンカリウム錠２５ｍｇ「杏林」,ht
622176101,ロサルタンカリウム錠５０ｍｇ「杏林」,ht
622176201,ロサルタンカリウム錠１００ｍｇ「杏林」,ht
622177001,ロサルタンカリウム錠２５ｍｇ「サンド」,ht
622177101,ロサルタンカリウム錠５０ｍｇ「サンド」,ht
622177201,ロサルタンカリウム錠１００ｍｇ「サンド」,ht
622181201,ロサルタンＫ錠２５ｍｇ「科研」,ht
622181301,ロサルタンＫ錠５０ｍｇ「科研」,ht
622181401,ロサルタンＫ錠１００ｍｇ「科研」,ht
622199201,アイミクス配合錠ＬＤ,ht
622199301,アイミクス配合錠ＨＤ,ht
622206801,カルベジロール錠１０ｍｇ「ファイザー」,ht
622206901,カルベジロール錠２０ｍｇ「ファイザー」,ht
622224601,ミカムロ配合錠ＢＰ,ht
622230401,アゼルニジピン錠８ｍｇ「日医工」,ht
622230501,アゼルニジピン錠１６ｍｇ「日医工」,ht
622233401,アゼルニジピン錠８ｍｇ「ＹＤ」,ht
622233501,アゼルニジピン錠１６ｍｇ「ＹＤ」,ht
622236201,アゼルニジピン錠８ｍｇ「トーワ」,ht
622236301,アゼルニジピン錠１６ｍｇ「トーワ」,ht
622240002,アゼルニジピン錠８ｍｇ「ＢＭＤ」,ht
622240102,アゼルニジピン錠１６ｍｇ「ＢＭＤ」,ht
622241101,アゼルニジピン錠８ｍｇ「テバ」,ht
622241201,アゼルニジピン錠１６ｍｇ「テバ」,ht
622242401,アバプロ錠２００ｍｇ,ht
622243401,アゼルニジピン錠８ｍｇ「タナベ」,ht
622243501,アゼルニジピン錠１６ｍｇ「タナベ」,ht
622247001,アゼルニジピン錠８ｍｇ「ＦＦＰ」,ht
622247101,アゼルニジピン錠１６ｍｇ「ＦＦＰ」,ht
622249501,イルベタン錠２００ｍｇ,ht
622251401,アゼルニジピン錠８ｍｇ「ケミファ」,ht
622251501,アゼルニジピン錠１６ｍｇ「ケミファ」,ht
622253701,アゼルニジピン錠８ｍｇ「ＴＣＫ」,ht
622253801,アゼルニジピン錠１６ｍｇ「ＴＣＫ」,ht
622255401,ディオバンＯＤ錠２０ｍｇ,ht
622255501,ディオバンＯＤ錠４０ｍｇ,ht
622255601,ディオバンＯＤ錠８０ｍｇ,ht
622255701,ディオバンＯＤ錠１６０ｍｇ,ht
622257801,アゼルニジピン錠８ｍｇ「ＪＧ」,ht
622257901,アゼルニジピン錠１６ｍｇ「ＪＧ」,ht
622258201,アゼルニジピン錠８ｍｇ「ＮＰ」,ht
622258301,アゼルニジピン錠１６ｍｇ「ＮＰ」,ht
622264101,ビソノテープ４ｍｇ,ht
622264201,ビソノテープ８ｍｇ,ht
622267201,イルトラ配合錠ＨＤ,ht
622267301,イルトラ配合錠ＬＤ,ht
622272201,カルデナリンＯＤ錠０．５ｍｇ,ht
622272301,カルデナリンＯＤ錠１ｍｇ,ht
622272401,カルデナリンＯＤ錠２ｍｇ,ht
622273501,カルデナリンＯＤ錠４ｍｇ,ht
622279501,プレミネント配合錠ＨＤ,ht
622284801,アテレック錠２０　２０ｍｇ,ht
622307501,バルサルタン錠２０ｍｇ「オーハラ」,ht
622307601,バルサルタン錠４０ｍｇ「オーハラ」,ht
622307701,バルサルタン錠８０ｍｇ「オーハラ」,ht
622307801,バルサルタン錠１６０ｍｇ「オーハラ」,ht
622308601,バルサルタン錠２０ｍｇ「ＹＤ」,ht
622308701,バルサルタン錠４０ｍｇ「ＹＤ」,ht
622308801,バルサルタン錠８０ｍｇ「ＹＤ」,ht
622308901,バルサルタン錠１６０ｍｇ「ＹＤ」,ht
622309101,ロサルヒド配合錠ＬＤ「ＹＤ」,ht
622312800,カルベジロール２０ｍｇ錠,ht
622318800,ドキサゾシンメシル酸塩２ｍｇ錠,ht
622318900,ドキサゾシンメシル酸塩４ｍｇ錠,ht
622319100,トランドラプリル１ｍｇ錠,ht
622323100,ベタキソロール塩酸塩１０ｍｇ錠,ht
622325000,リシノプリル２０ｍｇ錠,ht
622325700,ロサルタンカリウム１００ｍｇ錠,ht
622333602,バルサルタン錠２０ｍｇ「ＢＭＤ」,ht
622333702,バルサルタン錠４０ｍｇ「ＢＭＤ」,ht
622333802,バルサルタン錠８０ｍｇ「ＢＭＤ」,ht
622333902,バルサルタン錠１６０ｍｇ「ＢＭＤ」,ht
622334002,ロサルヒド配合錠ＬＤ「ＮＰＩ」,ht
622334301,バルサルタン錠２０ｍｇ「タカタ」,ht
622334401,バルサルタン錠４０ｍｇ「タカタ」,ht
622334501,バルサルタン錠８０ｍｇ「タカタ」,ht
622334601,バルサルタン錠１６０ｍｇ「タカタ」,ht
622334701,ロサルヒド配合錠ＬＤ「タカタ」,ht
622334901,バルサルタン錠２０ｍｇ「タナベ」,ht
622335001,バルサルタン錠４０ｍｇ「タナベ」,ht
622335101,バルサルタン錠８０ｍｇ「タナベ」,ht
622335201,バルサルタン錠１６０ｍｇ「タナベ」,ht
622335501,ロサルヒド配合錠ＬＤ「タナベ」,ht
622336901,バルサルタン錠２０ｍｇ「トーワ」,ht
622337001,バルサルタン錠４０ｍｇ「トーワ」,ht
622337101,バルサルタン錠８０ｍｇ「トーワ」,ht
622337401,バルサルタン錠２０ｍｇ「ＫＮ」,ht
622337501,バルサルタン錠４０ｍｇ「ＫＮ」,ht
622337601,バルサルタン錠８０ｍｇ「ＫＮ」,ht
622337701,バルサルタン錠１６０ｍｇ「ＫＮ」,ht
622337901,ロサルヒド配合錠ＬＤ「ＫＮ」,ht
622338801,バルサルタンＯＤ錠１６０ｍｇ「トーワ」,ht
622338901,バルサルタンＯＤ錠２０ｍｇ「トーワ」,ht
622339001,バルサルタンＯＤ錠４０ｍｇ「トーワ」,ht
622339101,バルサルタンＯＤ錠８０ｍｇ「トーワ」,ht
622339201,バルサルタン錠１６０ｍｇ「トーワ」,ht
622339401,ロサルヒド配合錠ＬＤ「トーワ」,ht
622340402,バルサルタン錠２０ｍｇ「Ｍｅ」,ht
622340502,バルサルタン錠４０ｍｇ「Ｍｅ」,ht
622340602,バルサルタン錠８０ｍｇ「Ｍｅ」,ht
622340702,バルサルタン錠１６０ｍｇ「Ｍｅ」,ht
622340801,ロサルヒド配合錠ＬＤ「明治」,ht
622341001,バルサルタン錠２０ｍｇ「ＺＥ」,ht
622341101,バルサルタン錠４０ｍｇ「ＺＥ」,ht
622341201,バルサルタン錠８０ｍｇ「ＺＥ」,ht
622341301,バルサルタン錠１６０ｍｇ「ＺＥ」,ht
622341401,アジルバ錠１０ｍｇ,ht
622341701,ザクラス配合錠ＨＤ,ht
622341801,ザクラス配合錠ＬＤ,ht
622342101,バルサルタン錠２０ｍｇ「テバ」,ht
622342201,バルサルタン錠４０ｍｇ「テバ」,ht
622342301,バルサルタン錠８０ｍｇ「テバ」,ht
622342401,バルサルタン錠１６０ｍｇ「テバ」,ht
622342501,ロサルヒド配合錠ＬＤ「テバ」,ht
622343001,アテディオ配合錠,ht
622343101,バルサルタン錠２０ｍｇ「日新」,ht
622343201,バルサルタン錠４０ｍｇ「日新」,ht
622343301,バルサルタン錠８０ｍｇ「日新」,ht
622343401,バルサルタン錠１６０ｍｇ「日新」,ht
622343501,ロサルヒド配合錠ＬＤ「日新」,ht
622343601,バルサルタン錠２０ｍｇ「ファイザー」,ht
622343701,バルサルタン錠４０ｍｇ「ファイザー」,ht
622343801,バルサルタン錠８０ｍｇ「ファイザー」,ht
622343901,バルサルタン錠１６０ｍｇ「ファイザー」,ht
622344401,ロサルヒド配合錠ＬＤ「ファイザー」,ht
622345701,バルサルタン錠２０ｍｇ「杏林」,ht
622345801,バルサルタン錠４０ｍｇ「杏林」,ht
622345901,バルサルタン錠８０ｍｇ「杏林」,ht
622346001,バルサルタン錠１６０ｍｇ「杏林」,ht
622346101,ロサルヒド配合錠ＬＤ「杏林」,ht
622346401,バルサルタン錠２０ｍｇ「ＦＦＰ」,ht
622346501,バルサルタン錠４０ｍｇ「ＦＦＰ」,ht
622346601,バルサルタン錠８０ｍｇ「ＦＦＰ」,ht
622346701,バルサルタン錠１６０ｍｇ「ＦＦＰ」,ht
622346801,ロサルヒド配合錠ＬＤ「ＦＦＰ」,ht
622347301,ロサルヒド配合錠ＬＤ「モチダ」,ht
622347501,バルサルタン錠２０ｍｇ「モチダ」,ht
622347601,バルサルタン錠４０ｍｇ「モチダ」,ht
622347701,バルサルタン錠８０ｍｇ「モチダ」,ht
622347801,バルサルタン錠１６０ｍｇ「モチダ」,ht
622348001,バルサルタン錠２０ｍｇ「ＪＧ」,ht
622348101,バルサルタン錠４０ｍｇ「ＪＧ」,ht
622348201,バルサルタン錠８０ｍｇ「ＪＧ」,ht
622348301,バルサルタン錠１６０ｍｇ「ＪＧ」,ht
622348401,ロサルヒド配合錠ＬＤ「ＪＧ」,ht
622348601,ロサルヒド配合錠ＬＤ「ＥＰ」,ht
622348801,バルサルタン錠２０ｍｇ「ＤＳＥＰ」,ht
622348901,バルサルタン錠４０ｍｇ「ＤＳＥＰ」,ht
622349001,バルサルタン錠８０ｍｇ「ＤＳＥＰ」,ht
622349101,バルサルタン錠１６０ｍｇ「ＤＳＥＰ」,ht
622349301,ロサルヒド配合錠ＬＤ「ＥＥ」,ht
622349801,バルサルタン錠２０ｍｇ「ＥＥ」,ht
622349901,バルサルタン錠４０ｍｇ「ＥＥ」,ht
622350001,バルサルタン錠８０ｍｇ「ＥＥ」,ht
622350101,バルサルタン錠１６０ｍｇ「ＥＥ」,ht
622351501,バルサルタン錠２０ｍｇ「サノフィ」,ht
622351601,バルサルタン錠４０ｍｇ「サノフィ」,ht
622351701,バルサルタン錠８０ｍｇ「サノフィ」,ht
622351801,バルサルタン錠１６０ｍｇ「サノフィ」,ht
622351901,バルサルタン錠２０ｍｇ「サンド」,ht
622352401,ロサルヒド配合錠ＬＤ「アメル」,ht
622352501,バルサルタン錠２０ｍｇ「アメル」,ht
622352601,バルサルタン錠４０ｍｇ「アメル」,ht
622352701,バルサルタン錠８０ｍｇ「アメル」,ht
622352801,バルサルタン錠１６０ｍｇ「アメル」,ht
622353201,バルサルタン錠２０ｍｇ「ＴＣＫ」,ht
622353301,バルサルタン錠４０ｍｇ「ＴＣＫ」,ht
622353401,バルサルタン錠２０ｍｇ「ケミファ」,ht
622353501,バルサルタン錠４０ｍｇ「ケミファ」,ht
622353601,バルサルタン錠８０ｍｇ「ケミファ」,ht
622353701,バルサルタン錠１６０ｍｇ「ケミファ」,ht
622353801,ロサルヒド配合錠ＬＤ「ケミファ」,ht
622353901,バルサルタン錠２０ｍｇ「ツルハラ」,ht
622354001,バルサルタン錠４０ｍｇ「ツルハラ」,ht
622354101,バルサルタン錠８０ｍｇ「ツルハラ」,ht
622354201,バルサルタン錠１６０ｍｇ「ツルハラ」,ht
622354501,ロサルヒド配合錠ＬＤ「ツルハラ」,ht
622355001,バルサルタン錠４０ｍｇ「サンド」,ht
622355101,バルサルタン錠８０ｍｇ「サンド」,ht
622355201,バルサルタン錠１６０ｍｇ「サンド」,ht
622355301,ロサルヒド配合錠ＬＤ「サンド」,ht
622355501,カルベジロール錠１．２５ｍｇ「サワイ」,ht
622355601,カルベジロール錠２．５ｍｇ「サワイ」,ht
622355701,バルサルタン錠２０ｍｇ「サワイ」,ht
622355801,バルサルタン錠４０ｍｇ「サワイ」,ht
622355901,バルサルタン錠８０ｍｇ「サワイ」,ht
622356001,バルサルタン錠１６０ｍｇ「サワイ」,ht
622356101,ロサルヒド配合錠ＬＤ「サワイ」,ht
622356701,バルサルタン錠８０ｍｇ「ＴＣＫ」,ht
622356801,バルサルタン錠１６０ｍｇ「ＴＣＫ」,ht
622356901,ロサルヒド配合錠ＬＤ「ＴＣＫ」,ht
622357001,ロサルヒド配合錠ＬＤ「三和」,ht
622357101,バルサルタン錠２０ｍｇ「ニプロ」,ht
622357201,バルサルタン錠４０ｍｇ「ニプロ」,ht
622357301,バルサルタン錠８０ｍｇ「ニプロ」,ht
622357401,バルサルタン錠１６０ｍｇ「ニプロ」,ht
622357501,ロサルヒド配合錠ＬＤ「ニプロ」,ht
622357801,カンデサルタン錠２ｍｇ「あすか」,ht
622357901,カンデサルタン錠４ｍｇ「あすか」,ht
622358001,カンデサルタン錠８ｍｇ「あすか」,ht
622358101,カンデサルタン錠１２ｍｇ「あすか」,ht
622358601,ロサルヒド配合錠ＬＤ「科研」,ht
622358701,バルサルタン錠２０ｍｇ「科研」,ht
622358801,バルサルタン錠４０ｍｇ「科研」,ht
622358901,バルサルタン錠８０ｍｇ「科研」,ht
622359001,バルサルタン錠１６０ｍｇ「科研」,ht
622359401,バルサルタン錠２０ｍｇ「日医工」,ht
622359501,バルサルタン錠４０ｍｇ「日医工」,ht
622359601,バルサルタン錠８０ｍｇ「日医工」,ht
622359701,バルサルタン錠１６０ｍｇ「日医工」,ht
622359801,ロサルヒド配合錠ＬＤ「日医工」,ht
622361501,バルサルタン錠２０ｍｇ「イセイ」,ht
622361601,バルサルタン錠２０ｍｇ「ＳＮ」,ht
622361701,バルサルタン錠２０ｍｇ「ＤＫ」,ht
622361801,バルサルタン錠４０ｍｇ「イセイ」,ht
622361901,バルサルタン錠４０ｍｇ「ＳＮ」,ht
622362001,バルサルタン錠４０ｍｇ「ＤＫ」,ht
622362101,バルサルタン錠８０ｍｇ「イセイ」,ht
622362201,バルサルタン錠８０ｍｇ「ＳＮ」,ht
622362301,バルサルタン錠８０ｍｇ「ＤＫ」,ht
622362401,バルサルタン錠１６０ｍｇ「イセイ」,ht
622362501,バルサルタン錠１６０ｍｇ「ＳＮ」,ht
622362601,バルサルタン錠１６０ｍｇ「ＤＫ」,ht
622362801,ロサルヒド配合錠ＬＤ「ＳＮ」,ht
622362901,ロサルヒド配合錠ＬＤ「ＫＯ」,ht
622363001,ロサルヒド配合錠ＬＤ「ＤＫ」,ht
622365401,カンデサルタン錠２ｍｇ「杏林」,ht
622365501,カンデサルタン錠４ｍｇ「杏林」,ht
622365601,カンデサルタン錠８ｍｇ「杏林」,ht
622365701,カンデサルタン錠１２ｍｇ「杏林」,ht
622367401,カンデサルタン錠２ｍｇ「ＹＤ」,ht
622367501,カンデサルタン錠４ｍｇ「ＹＤ」,ht
622367601,カンデサルタン錠８ｍｇ「ＹＤ」,ht
622367701,カンデサルタン錠１２ｍｇ「ＹＤ」,ht
622368401,カンデサルタン錠２ｍｇ「モチダ」,ht
622368501,カンデサルタン錠４ｍｇ「モチダ」,ht
622368601,カンデサルタン錠８ｍｇ「モチダ」,ht
622368701,カンデサルタン錠１２ｍｇ「モチダ」,ht
622369201,カンデサルタン錠２ｍｇ「明治」,ht
622369301,カンデサルタン錠４ｍｇ「明治」,ht
622369401,カンデサルタン錠８ｍｇ「明治」,ht
622369501,カンデサルタン錠１２ｍｇ「明治」,ht
622369601,カンデサルタン錠２ｍｇ「ＪＧ」,ht
622369701,カンデサルタン錠４ｍｇ「ＪＧ」,ht
622369801,カンデサルタン錠８ｍｇ「ＪＧ」,ht
622369901,カンデサルタン錠１２ｍｇ「ＪＧ」,ht
622370401,カンデサルタン錠２ｍｇ「ゼリア」,ht
622370501,カンデサルタン錠４ｍｇ「ゼリア」,ht
622370601,カンデサルタン錠８ｍｇ「ゼリア」,ht
622370701,カンデサルタン錠１２ｍｇ「ゼリア」,ht
622371301,カンデサルタン錠２ｍｇ「ＤＳＥＰ」,ht
622371401,カンデサルタン錠４ｍｇ「ＤＳＥＰ」,ht
622371501,カンデサルタン錠８ｍｇ「ＤＳＥＰ」,ht
622371601,カンデサルタン錠１２ｍｇ「ＤＳＥＰ」,ht
622372001,カンデサルタン錠２ｍｇ「トーワ」,ht
622372101,カンデサルタン錠４ｍｇ「トーワ」,ht
622372201,カンデサルタン錠８ｍｇ「トーワ」,ht
622372301,カンデサルタン錠１２ｍｇ「トーワ」,ht
622373401,カンデサルタン錠２ｍｇ「ＦＦＰ」,ht
622373501,カンデサルタン錠４ｍｇ「ＦＦＰ」,ht
622373601,カンデサルタン錠８ｍｇ「ＦＦＰ」,ht
622373701,カンデサルタン錠１２ｍｇ「ＦＦＰ」,ht
622376501,カンデサルタン錠２ｍｇ「ＺＥ」,ht
622376601,カンデサルタン錠４ｍｇ「ＺＥ」,ht
622376701,カンデサルタン錠８ｍｇ「ＺＥ」,ht
622376801,カンデサルタン錠１２ｍｇ「ＺＥ」,ht
622377001,カンデサルタン錠２ｍｇ「ＢＭＤ」,ht
622377101,カンデサルタン錠４ｍｇ「ＢＭＤ」,ht
622377201,カンデサルタン錠８ｍｇ「ＢＭＤ」,ht
622377301,カンデサルタン錠１２ｍｇ「ＢＭＤ」,ht
622377401,カンデサルタン錠２ｍｇ「ＫＯＧ」,ht
622377501,カンデサルタン錠４ｍｇ「ＫＯＧ」,ht
622377601,カンデサルタン錠８ｍｇ「ＫＯＧ」,ht
622377701,カンデサルタン錠１２ｍｇ「ＫＯＧ」,ht
622378401,カンデサルタン錠２ｍｇ「日新」,ht
622378501,カンデサルタン錠４ｍｇ「日新」,ht
622378601,カンデサルタン錠８ｍｇ「日新」,ht
622378701,カンデサルタン錠１２ｍｇ「日新」,ht
622379601,カンデサルタン錠２ｍｇ「タナベ」,ht
622379701,カンデサルタン錠４ｍｇ「タナベ」,ht
622379801,カンデサルタン錠８ｍｇ「タナベ」,ht
622379901,カンデサルタン錠１２ｍｇ「タナベ」,ht
622380501,カンデサルタン錠２ｍｇ「オーハラ」,ht
622380601,カンデサルタン錠４ｍｇ「オーハラ」,ht
622380701,カンデサルタン錠８ｍｇ「オーハラ」,ht
622380801,カンデサルタン錠１２ｍｇ「オーハラ」,ht
622380901,カルベジロール錠１０ｍｇ「ＪＧ」,ht
622381001,カルベジロール錠２０ｍｇ「ＪＧ」,ht
622381501,カンデサルタン錠２ｍｇ「ファイザー」,ht
622381601,カンデサルタン錠４ｍｇ「ファイザー」,ht
622381701,カンデサルタン錠８ｍｇ「ファイザー」,ht
622381801,カンデサルタン錠１２ｍｇ「ファイザー」,ht
622382201,カンデサルタン錠２ｍｇ「ケミファ」,ht
622382301,カンデサルタン錠４ｍｇ「ケミファ」,ht
622382401,カンデサルタン錠８ｍｇ「ケミファ」,ht
622382501,カンデサルタン錠１２ｍｇ「ケミファ」,ht
622382601,カンデサルタン錠２ｍｇ「サンド」,ht
622382701,カンデサルタン錠４ｍｇ「サンド」,ht
622382801,カンデサルタン錠８ｍｇ「サンド」,ht
622382901,カンデサルタン錠１２ｍｇ「サンド」,ht
622383701,カンデサルタン錠２ｍｇ「サノフィ」,ht
622383801,カンデサルタン錠４ｍｇ「サノフィ」,ht
622383901,カンデサルタン錠８ｍｇ「サノフィ」,ht
622384001,カンデサルタン錠１２ｍｇ「サノフィ」,ht
622385001,カンデサルタン錠２ｍｇ「テバ」,ht
622385101,カンデサルタン錠４ｍｇ「テバ」,ht
622385201,カンデサルタン錠２ｍｇ「ＤＫ」,ht
622385301,カンデサルタン錠４ｍｇ「ＤＫ」,ht
622385401,カンデサルタン錠８ｍｇ「ＤＫ」,ht
622385501,カンデサルタン錠１２ｍｇ「ＤＫ」,ht
622385601,カンデサルタン錠２ｍｇ「日医工」,ht
622386001,カンデサルタン錠４ｍｇ「日医工」,ht
622386401,カンデサルタン錠２ｍｇ「ＴＣＫ」,ht
622386501,カンデサルタン錠４ｍｇ「ＴＣＫ」,ht
622386601,カンデサルタン錠８ｍｇ「ＴＣＫ」,ht
622386701,カンデサルタン錠１２ｍｇ「ＴＣＫ」,ht
622387101,カンデサルタン錠８ｍｇ「日医工」,ht
622387201,カンデサルタン錠１２ｍｇ「日医工」,ht
622388301,エナラプリルマレイン酸塩錠２．５ｍｇ「ＮｉｋＰ」,ht
622388401,エナラプリルマレイン酸塩錠５ｍｇ「ＮｉｋＰ」,ht
622389301,エナラプリルマレイン酸塩錠１０ｍｇ「ＮｉｋＰ」,ht
622390201,カンデサルタンＯＤ錠２ｍｇ「サワイ」,ht
622390301,カンデサルタンＯＤ錠４ｍｇ「サワイ」,ht
622390401,カンデサルタンＯＤ錠８ｍｇ「サワイ」,ht
622390501,カンデサルタンＯＤ錠１２ｍｇ「サワイ」,ht
622390601,カンデサルタン錠２ｍｇ「サワイ」,ht
622390701,カンデサルタン錠４ｍｇ「サワイ」,ht
622390801,カンデサルタン錠８ｍｇ「サワイ」,ht
622390901,カンデサルタン錠１２ｍｇ「サワイ」,ht
622391301,カンデサルタン錠２ｍｇ「ニプロ」,ht
622391401,カンデサルタン錠４ｍｇ「ニプロ」,ht
622391501,カンデサルタン錠８ｍｇ「ニプロ」,ht
622391601,カンデサルタン錠１２ｍｇ「ニプロ」,ht
622392601,カンデサルタン錠２ｍｇ「三和」,ht
622392701,カンデサルタン錠４ｍｇ「三和」,ht
622392801,カンデサルタン錠８ｍｇ「三和」,ht
622392901,カンデサルタン錠１２ｍｇ「三和」,ht
622393401,カンデサルタン錠２ｍｇ「ツルハラ」,ht
622393501,カンデサルタン錠４ｍｇ「ツルハラ」,ht
622393601,カンデサルタン錠８ｍｇ「ツルハラ」,ht
622393701,カンデサルタン錠１２ｍｇ「ツルハラ」,ht
622394201,カンデサルタン錠８ｍｇ「テバ」,ht
622394301,カンデサルタン錠１２ｍｇ「テバ」,ht
622395401,カンデサルタン錠２ｍｇ「アメル」,ht
622395501,カンデサルタン錠４ｍｇ「アメル」,ht
622395601,カンデサルタン錠８ｍｇ「アメル」,ht
622395701,カンデサルタン錠１２ｍｇ「アメル」,ht
622396101,カンデサルタン錠２ｍｇ「科研」,ht
622396201,カンデサルタン錠４ｍｇ「科研」,ht
622396301,カンデサルタン錠８ｍｇ「科研」,ht
622396401,カンデサルタン錠１２ｍｇ「科研」,ht
622397701,カンデサルタンＯＤ錠２ｍｇ「ＥＥ」,ht
622397801,カンデサルタンＯＤ錠２ｍｇ「ＫＮ」,ht
622397901,カンデサルタンＯＤ錠４ｍｇ「ＥＥ」,ht
622398001,カンデサルタンＯＤ錠４ｍｇ「ＫＮ」,ht
622398101,カンデサルタンＯＤ錠８ｍｇ「ＥＥ」,ht
622398201,カンデサルタンＯＤ錠８ｍｇ「ＫＮ」,ht
622398301,カンデサルタンＯＤ錠１２ｍｇ「ＥＥ」,ht
622398401,カンデサルタンＯＤ錠１２ｍｇ「ＫＮ」,ht
622398501,カンデサルタン錠２ｍｇ「ＥＥ」,ht
622398601,カンデサルタン錠２ｍｇ「イセイ」,ht
622398701,カンデサルタン錠２ｍｇ「ＫＮ」,ht
622398801,カンデサルタン錠２ｍｇ「ＫＯ」,ht
622398901,カンデサルタン錠４ｍｇ「ＥＥ」,ht
622399001,カンデサルタン錠４ｍｇ「イセイ」,ht
622399101,カンデサルタン錠４ｍｇ「ＫＮ」,ht
622399201,カンデサルタン錠４ｍｇ「ＫＯ」,ht
622399301,カンデサルタン錠８ｍｇ「ＥＥ」,ht
622399401,カンデサルタン錠８ｍｇ「イセイ」,ht
622399501,カンデサルタン錠８ｍｇ「ＫＮ」,ht
622399601,カンデサルタン錠８ｍｇ「ＫＯ」,ht
622399701,カンデサルタン錠１２ｍｇ「ＥＥ」,ht
622399801,カンデサルタン錠１２ｍｇ「イセイ」,ht
622399901,カンデサルタン錠１２ｍｇ「ＫＮ」,ht
622400001,カンデサルタン錠１２ｍｇ「ＫＯ」,ht
622412101,カンデサルタンＯＤ錠２ｍｇ「トーワ」,ht
622412201,カンデサルタンＯＤ錠４ｍｇ「トーワ」,ht
622412301,カンデサルタンＯＤ錠８ｍｇ「トーワ」,ht
622412401,カンデサルタンＯＤ錠１２ｍｇ「トーワ」,ht
622422901,エックスフォージ配合ＯＤ錠,ht
622443001,ロサルヒド配合錠ＨＤ「杏林」,ht
622443101,アムバロ配合錠「杏林」,ht
622443501,アムバロ配合錠「ＹＤ」,ht
622443901,アムバロ配合錠「オーハラ」,ht
622444401,ロサルヒド配合錠ＨＤ「ＫＮ」,ht
622444501,アムバロ配合錠「ＫＮ」,ht
622445301,アムバロ配合錠「ケミファ」,ht
622446601,アムバロ配合錠「タナベ」,ht
622448001,アムバロ配合錠「トーワ」,ht
622451101,アムバロ配合錠「ニットー」,ht
622451501,アムバロ配合錠「ＴＣＫ」,ht
622451801,バルサルタンＯＤ錠２０ｍｇ「ＴＣＫ」,ht
622451901,バルサルタンＯＤ錠４０ｍｇ「ＴＣＫ」,ht
622452001,バルサルタンＯＤ錠８０ｍｇ「ＴＣＫ」,ht
622452101,バルサルタンＯＤ錠１６０ｍｇ「ＴＣＫ」,ht
622452801,オルメテックＯＤ錠１０ｍｇ,ht
622452901,オルメテックＯＤ錠２０ｍｇ,ht
622453401,アムバロ配合錠「ＤＳＥＰ」,ht
622454201,オルメテックＯＤ錠４０ｍｇ,ht
622454301,アムバロ配合錠「ＪＧ」,ht
622454801,ロサルヒド配合錠ＨＤ「ＪＧ」,ht
622455101,アムバロ配合錠「ＦＦＰ」,ht
622455501,アムバロ配合錠「ファイザー」,ht
622456301,アムバロ配合錠「日新」,ht
622456501,バルサルタンＯＤ錠２０ｍｇ「ファイザー」,ht
622456601,バルサルタンＯＤ錠４０ｍｇ「ファイザー」,ht
622456701,バルサルタンＯＤ錠８０ｍｇ「ファイザー」,ht
622456801,バルサルタンＯＤ錠１６０ｍｇ「ファイザー」,ht
622457301,アムバロ配合錠「サワイ」,ht
622458401,アムバロ配合錠「テバ」,ht
622459101,ロサルヒド配合錠ＨＤ「テバ」,ht
622459201,カンデサルタンＯＤ錠２ｍｇ「明治」,ht
622459301,カンデサルタンＯＤ錠４ｍｇ「明治」,ht
622459401,カンデサルタンＯＤ錠８ｍｇ「明治」,ht
622459501,カンデサルタンＯＤ錠１２ｍｇ「明治」,ht
622460101,アムバロ配合錠「サンド」,ht
622460201,カムシア配合錠ＬＤ「サンド」,ht
622460301,カムシア配合錠ＨＤ「サンド」,ht
622463101,アムバロ配合錠「ＥＥ」,ht
622463201,ロサルヒド配合錠ＨＤ「ＥＥ」,ht
622463801,アムバロ配合錠「アメル」,ht
622464201,ロサルヒド配合錠ＨＤ「三和」,ht
622464301,アムバロ配合錠「ＳＮ」,ht
622465201,アムバロ配合錠「日医工」,ht
622465701,バルサルタンＯＤ錠２０ｍｇ「日医工」,ht
622465801,バルサルタンＯＤ錠４０ｍｇ「日医工」,ht
622465901,バルサルタンＯＤ錠８０ｍｇ「日医工」,ht
622466001,バルサルタンＯＤ錠１６０ｍｇ「日医工」,ht
622467301,カムシア配合錠ＬＤ「あすか」,ht
622467401,カムシア配合錠ＨＤ「あすか」,ht
622468201,アムバロ配合錠「イセイ」,ht
622468301,アムバロ配合錠「科研」,ht
622468401,アムバロ配合錠「ニプロ」,ht
622468801,カムシア配合錠ＨＤ「ニプロ」,ht
622468901,カムシア配合錠ＬＤ「ニプロ」,ht
622469401,バルサルタンＯＤ錠２０ｍｇ「科研」,ht
622469501,バルサルタンＯＤ錠４０ｍｇ「科研」,ht
622469601,バルサルタンＯＤ錠８０ｍｇ「科研」,ht
622469701,バルサルタンＯＤ錠１６０ｍｇ「科研」,ht
622472701,ロサルヒド配合錠ＨＤ「ＹＤ」,ht
622473900,ロサルタンカリウム２５ｍｇ錠,ht
622474000,ロサルタンカリウム５０ｍｇ錠,ht
622474100,カンデサルタンシレキセチル２ｍｇ錠（１）,ht
622474200,カンデサルタンシレキセチル４ｍｇ錠（１）,ht
622474300,カンデサルタンシレキセチル８ｍｇ錠（１）,ht
622474400,カンデサルタンシレキセチル１２ｍｇ錠,ht
622474500,カンデサルタンシレキセチル２ｍｇ錠（２）,ht
622474600,バルサルタン２０ｍｇ錠,ht
622474700,バルサルタン４０ｍｇ錠（１）,ht
622474800,バルサルタン８０ｍｇ錠（１）,ht
622474900,バルサルタン１６０ｍｇ錠（１）,ht
622479201,カルベジロール錠１．２５ｍｇ「トーワ」,ht
622479301,カルベジロール錠２．５ｍｇ「トーワ」,ht
622479801,ロサルヒド配合錠ＨＤ「トーワ」,ht
622480901,ロサルヒド配合錠ＨＤ「ＥＰ」,ht
622481001,アムバロ配合ＯＤ錠「ＴＣＫ」,ht
622481401,カルベジロール錠１．２５ｍｇ「ＴＣＫ」,ht
622481501,カルベジロール錠２．５ｍｇ「ＴＣＫ」,ht
622481801,ロサルヒド配合錠ＨＤ「ＴＣＫ」,ht
622482101,ロサルヒド配合錠ＨＤ「ケミファ」,ht
622483301,ロサルヒド配合錠ＨＤ「モチダ」,ht
622486501,ロサルヒド配合錠ＨＤ「ＦＦＰ」,ht
622486601,シルニジピン錠２０ｍｇ「ＦＦＰ」,ht
622489102,ロサルヒド配合錠ＨＤ「ＮＰＩ」,ht
622490001,ロサルヒド配合錠ＨＤ「ＫＯ」,ht
622490801,カルベジロール錠１．２５ｍｇ「ＪＧ」,ht
622490901,カルベジロール錠２．５ｍｇ「ＪＧ」,ht
622491201,シルニジピン錠２０ｍｇ「ＪＧ」,ht
622493201,ロサルヒド配合錠ＨＤ「日新」,ht
622493501,アムバロ配合ＯＤ錠「ファイザー」,ht
622494301,カルベジロール錠１．２５ｍｇ「ファイザー」,ht
622494401,カルベジロール錠２．５ｍｇ「ファイザー」,ht
622494601,ロサルヒド配合錠ＨＤ「ＤＫ」,ht
622495601,カデチア配合錠ＬＤ「テバ」,ht
622495701,カデチア配合錠ＨＤ「テバ」,ht
622495801,バルヒディオ配合錠ＭＤ「テバ」,ht
622495901,バルヒディオ配合錠ＥＸ「テバ」,ht
622496101,カルベジロール錠１．２５ｍｇ「テバ」,ht
622496201,カルベジロール錠２．５ｍｇ「テバ」,ht
622496301,シルニジピン錠２０ｍｇ「テバ」,ht
622496501,ロサルヒド配合錠ＨＤ「サンド」,ht
622496601,バルヒディオ配合錠ＭＤ「サンド」,ht
622496701,バルヒディオ配合錠ＥＸ「サンド」,ht
622499901,ロサルヒド配合錠ＨＤ「アメル」,ht
622500301,カルベジロール錠１．２５ｍｇ「アメル」,ht
622500401,カルベジロール錠２．５ｍｇ「アメル」,ht
622501601,ロサルヒド配合錠ＨＤ「日医工」,ht
622501701,アムバロ配合ＯＤ錠「日医工」,ht
622502801,ロサルヒド配合錠ＨＤ「明治」,ht
622504201,カルベジロール錠１．２５ｍｇ「タナベ」,ht
622504301,カルベジロール錠２．５ｍｇ「タナベ」,ht
622504501,ロサルヒド配合錠ＨＤ「タナベ」,ht
622504601,ロサルヒド配合錠ＨＤ「ＳＮ」,ht
622504901,ロサルヒド配合錠ＨＤ「ツルハラ」,ht
622505801,ロサルヒド配合錠ＨＤ「科研」,ht
622506001,シルニジピン錠２０ｍｇ「ＡＦＰ」,ht
622506801,カデチア配合錠ＨＤ「あすか」,ht
622506901,カデチア配合錠ＬＤ「あすか」,ht
622507201,ロサルヒド配合錠ＨＤ「ニプロ」,ht
622511501,ロサルヒド配合錠ＨＤ「タカタ」,ht
622512601,ロサルヒド配合錠ＨＤ「ファイザー」,ht
622513501,バルヒディオ配合錠ＥＸ「トーワ」,ht
622513601,バルヒディオ配合錠ＭＤ「トーワ」,ht
622515001,バルヒディオ配合錠ＭＤ「ＴＣＫ」,ht
622515101,バルヒディオ配合錠ＥＸ「ＴＣＫ」,ht
622516502,ミカトリオ配合錠,ht
622519601,カムシア配合錠ＬＤ「日新」,ht
622519701,カムシア配合錠ＨＤ「日新」,ht
622519901,シルニジピン錠２０ｍｇ「サワイ」,ht
622520001,バルヒディオ配合錠ＥＸ「サワイ」,ht
622520101,バルヒディオ配合錠ＭＤ「サワイ」,ht
622520501,ロサルヒド配合錠ＨＤ「サワイ」,ht
622524101,カムシア配合錠ＬＤ「武田テバ」,ht
622524201,カムシア配合錠ＨＤ「武田テバ」,ht
622524301,バルヒディオ配合錠ＭＤ「ＪＧ」,ht
622524401,バルヒディオ配合錠ＥＸ「ＪＧ」,ht
622527001,バルヒディオ配合錠ＥＸ「ツルハラ」,ht
622527101,バルヒディオ配合錠ＭＤ「ツルハラ」,ht
622527201,バルヒディオ配合錠ＭＤ「タナベ」,ht
622527301,バルヒディオ配合錠ＥＸ「タナベ」,ht
622529101,バルヒディオ配合錠ＭＤ「日医工」,ht
622529201,バルヒディオ配合錠ＥＸ「日医工」,ht
622535101,テラムロ配合錠ＡＰ「ＤＳＥＰ」,ht
622535201,テラムロ配合錠ＢＰ「ＤＳＥＰ」,ht
622535301,テルチア配合錠ＡＰ「ＤＳＥＰ」,ht
622535401,テルチア配合錠ＢＰ「ＤＳＥＰ」,ht
622535501,テルミサルタン錠２０ｍｇ「ＤＳＥＰ」,ht
622535601,テルミサルタン錠４０ｍｇ「ＤＳＥＰ」,ht
622535701,テルミサルタン錠８０ｍｇ「ＤＳＥＰ」,ht
622536101,テルミサルタン錠２０ｍｇ「ケミファ」,ht
622536201,テルミサルタン錠４０ｍｇ「ケミファ」,ht
622536301,テルミサルタン錠８０ｍｇ「ケミファ」,ht
622537001,テルミサルタン錠２０ｍｇ「杏林」,ht
622537101,テルミサルタン錠４０ｍｇ「杏林」,ht
622537201,テルミサルタン錠８０ｍｇ「杏林」,ht
622540001,オルメテックＯＤ錠５ｍｇ,ht
622540501,テルミサルタン錠２０ｍｇ「ＮＰＩ」,ht
622540601,テルミサルタン錠４０ｍｇ「ＮＰＩ」,ht
622540701,テルミサルタン錠８０ｍｇ「ＮＰＩ」,ht
622540901,テルミサルタン錠２０ｍｇ「ＴＣＫ」,ht
622541001,テルミサルタン錠４０ｍｇ「ＴＣＫ」,ht
622541101,テルミサルタン錠８０ｍｇ「ＴＣＫ」,ht
622542801,アムバロ配合ＯＤ錠「トーワ」,ht
622543001,カムシア配合錠ＨＤ「トーワ」,ht
622543101,カムシア配合錠ＬＤ「トーワ」,ht
622543301,テラムロ配合錠ＡＰ「トーワ」,ht
622543401,テラムロ配合錠ＢＰ「トーワ」,ht
622543501,テルチア配合錠ＡＰ「トーワ」,ht
622543601,テルチア配合錠ＢＰ「トーワ」,ht
622543701,テルミサルタン錠２０ｍｇ「トーワ」,ht
622543801,テルミサルタン錠４０ｍｇ「トーワ」,ht
622543901,テルミサルタン錠８０ｍｇ「トーワ」,ht
622544001,テルミサルタンＯＤ錠２０ｍｇ「トーワ」,ht
622544101,テルミサルタンＯＤ錠４０ｍｇ「トーワ」,ht
622546001,テルミサルタン錠２０ｍｇ「ＹＤ」,ht
622546101,テルミサルタン錠４０ｍｇ「ＹＤ」,ht
622546201,テルミサルタン錠８０ｍｇ「ＹＤ」,ht
622546501,テルミサルタン錠２０ｍｇ「武田テバ」,ht
622547101,テルミサルタン錠４０ｍｇ「武田テバ」,ht
622547201,テルミサルタン錠８０ｍｇ「武田テバ」,ht
622547301,テラムロ配合錠ＡＰ「武田テバ」,ht
622547401,テラムロ配合錠ＢＰ「武田テバ」,ht
622547501,テルチア配合錠ＡＰ「武田テバ」,ht
622547701,テルチア配合錠ＢＰ「武田テバ」,ht
622549301,テルミサルタン錠２０ｍｇ「三和」,ht
622549401,テルミサルタン錠４０ｍｇ「三和」,ht
622549501,テルミサルタン錠８０ｍｇ「三和」,ht
622551501,テルミサルタン錠２０ｍｇ「オーハラ」,ht
622551601,テルミサルタン錠４０ｍｇ「オーハラ」,ht
622551701,テルミサルタン錠８０ｍｇ「オーハラ」,ht
622553401,テルミサルタン錠２０ｍｇ「ＪＧ」,ht
622553501,テルミサルタン錠４０ｍｇ「ＪＧ」,ht
622553601,テルミサルタン錠８０ｍｇ「ＪＧ」,ht
622557601,テルミサルタン錠２０ｍｇ「タナベ」,ht
622557701,テルミサルタン錠４０ｍｇ「タナベ」,ht
622557801,テルミサルタン錠８０ｍｇ「タナベ」,ht
622558101,テルミサルタンＯＤ錠２０ｍｇ「サワイ」,ht
622558201,テルミサルタンＯＤ錠４０ｍｇ「サワイ」,ht
622558301,テルミサルタン錠２０ｍｇ「サワイ」,ht
622558401,テルミサルタン錠４０ｍｇ「サワイ」,ht
622558501,テルミサルタン錠８０ｍｇ「サワイ」,ht
622558601,テラムロ配合錠ＡＰ「サワイ」,ht
622558701,テラムロ配合錠ＢＰ「サワイ」,ht
622558801,テルチア配合錠ＡＰ「サワイ」,ht
622558901,テルチア配合錠ＢＰ「サワイ」,ht
622559501,テルミサルタン錠２０ｍｇ「明治」,ht
622559601,テルミサルタン錠４０ｍｇ「明治」,ht
622559701,テルミサルタン錠８０ｍｇ「明治」,ht
622562801,テルミサルタン錠２０ｍｇ「ファイザー」,ht
622562901,テルミサルタン錠４０ｍｇ「ファイザー」,ht
622563001,テルミサルタン錠８０ｍｇ「ファイザー」,ht
622563601,テルミサルタン錠２０ｍｇ「ＫＮ」,ht
622563701,テルミサルタン錠４０ｍｇ「ＫＮ」,ht
622563801,テルミサルタン錠８０ｍｇ「ＫＮ」,ht
622563901,テルミサルタン錠２０ｍｇ「サンド」,ht
622564001,テルミサルタン錠４０ｍｇ「サンド」,ht
622564101,テルミサルタン錠８０ｍｇ「サンド」,ht
622565101,テルミサルタン錠２０ｍｇ「ツルハラ」,ht
622565201,テルミサルタン錠４０ｍｇ「ツルハラ」,ht
622565301,テルミサルタン錠８０ｍｇ「ツルハラ」,ht
622566601,テルミサルタン錠２０ｍｇ「ＥＥ」,ht
622566701,テルミサルタン錠４０ｍｇ「ＥＥ」,ht
622566801,テルミサルタン錠８０ｍｇ「ＥＥ」,ht
622566901,テラムロ配合錠ＡＰ「ＥＥ」,ht
622567001,テラムロ配合錠ＢＰ「ＥＥ」,ht
622568801,テルミサルタン錠２０ｍｇ「日医工」,ht
622568901,テルミサルタン錠４０ｍｇ「日医工」,ht
622569001,テルミサルタン錠８０ｍｇ「日医工」,ht
622569101,テラムロ配合錠ＡＰ「日医工」,ht
622569201,テラムロ配合錠ＢＰ「日医工」,ht
622569301,テルチア配合錠ＡＰ「日医工」,ht
622569401,テルチア配合錠ＢＰ「日医工」,ht
622570301,テラムロ配合錠ＡＰ「ニプロ」,ht
622570401,テラムロ配合錠ＢＰ「ニプロ」,ht
622570501,テルミサルタン錠２０ｍｇ「ニプロ」,ht
622570601,テルミサルタン錠４０ｍｇ「ニプロ」,ht
622570701,テルミサルタン錠８０ｍｇ「ニプロ」,ht
622571101,オルメサルタンＯＤ錠５ｍｇ「ＤＳＥＰ」,ht
622571201,オルメサルタンＯＤ錠１０ｍｇ「ＤＳＥＰ」,ht
622571301,オルメサルタンＯＤ錠２０ｍｇ「ＤＳＥＰ」,ht
622571401,オルメサルタンＯＤ錠４０ｍｇ「ＤＳＥＰ」,ht
622571501,テルミサルタン錠２０ｍｇ「ＦＦＰ」,ht
622571601,テルミサルタン錠４０ｍｇ「ＦＦＰ」,ht
622571701,テルミサルタン錠８０ｍｇ「ＦＦＰ」,ht
622574701,オルメサルタン錠５ｍｇ「ＹＤ」,ht
622574801,オルメサルタン錠１０ｍｇ「ＹＤ」,ht
622574901,オルメサルタン錠２０ｍｇ「ＹＤ」,ht
622575001,オルメサルタン錠４０ｍｇ「ＹＤ」,ht
622577201,イルベサルタン錠５０ｍｇ「ケミファ」,ht
622577301,イルベサルタン錠１００ｍｇ「ケミファ」,ht
622577401,イルベサルタン錠２００ｍｇ「ケミファ」,ht
622577501,オルメサルタン錠５ｍｇ「ケミファ」,ht
622577601,オルメサルタン錠１０ｍｇ「ケミファ」,ht
622577701,オルメサルタン錠２０ｍｇ「ケミファ」,ht
622577801,オルメサルタン錠４０ｍｇ「ケミファ」,ht
622579401,イルベサルタンＯＤ錠１００ｍｇ「トーワ」,ht
622579501,イルベサルタンＯＤ錠５０ｍｇ「トーワ」,ht
622579601,イルベサルタンＯＤ錠２００ｍｇ「トーワ」,ht
622579701,イルベサルタン錠１００ｍｇ「トーワ」,ht
622579801,イルベサルタン錠２００ｍｇ「トーワ」,ht
622579901,イルベサルタン錠５０ｍｇ「トーワ」,ht
622580001,オルメサルタンＯＤ錠１０ｍｇ「トーワ」,ht
622580101,オルメサルタンＯＤ錠２０ｍｇ「トーワ」,ht
622580201,オルメサルタンＯＤ錠４０ｍｇ「トーワ」,ht
622580301,オルメサルタンＯＤ錠５ｍｇ「トーワ」,ht
622582901,イルベサルタン錠５０ｍｇ「共創未来」,ht
622583001,イルベサルタン錠１００ｍｇ「共創未来」,ht
622583101,イルベサルタン錠２００ｍｇ「共創未来」,ht
622584301,オルメサルタンＯＤ錠５ｍｇ「ファイザー」,ht
622584401,オルメサルタンＯＤ錠１０ｍｇ「ファイザー」,ht
622584501,オルメサルタンＯＤ錠２０ｍｇ「ファイザー」,ht
622584601,オルメサルタンＯＤ錠４０ｍｇ「ファイザー」,ht
622585601,オルメサルタン錠５ｍｇ「ＴＣＫ」,ht
622585701,オルメサルタン錠１０ｍｇ「ＴＣＫ」,ht
622585801,オルメサルタン錠２０ｍｇ「ＴＣＫ」,ht
622585901,オルメサルタン錠４０ｍｇ「ＴＣＫ」,ht
622586801,イルベサルタン錠５０ｍｇ「ＤＳＰＢ」,ht
622586901,イルベサルタン錠１００ｍｇ「ＤＳＰＢ」,ht
622587001,イルベサルタン錠２００ｍｇ「ＤＳＰＢ」,ht
622587501,イルベサルタン錠５０ｍｇ「サワイ」,ht
622587601,イルベサルタン錠１００ｍｇ「サワイ」,ht
622587701,イルベサルタン錠２００ｍｇ「サワイ」,ht
622587801,オルメサルタンＯＤ錠５ｍｇ「サワイ」,ht
622587901,オルメサルタンＯＤ錠１０ｍｇ「サワイ」,ht
622588001,オルメサルタンＯＤ錠２０ｍｇ「サワイ」,ht
622588101,オルメサルタンＯＤ錠４０ｍｇ「サワイ」,ht
622589401,オルメサルタン錠５ｍｇ「杏林」,ht
622589501,オルメサルタン錠１０ｍｇ「杏林」,ht
622589601,オルメサルタン錠２０ｍｇ「杏林」,ht
622589701,オルメサルタン錠４０ｍｇ「杏林」,ht
622591301,オルメサルタン錠５ｍｇ「ＪＧ」,ht
622591401,オルメサルタン錠１０ｍｇ「ＪＧ」,ht
622591501,オルメサルタン錠２０ｍｇ「ＪＧ」,ht
622591601,オルメサルタン錠４０ｍｇ「ＪＧ」,ht
622592101,オルメサルタン錠５ｍｇ「オーハラ」,ht
622592201,オルメサルタン錠１０ｍｇ「オーハラ」,ht
622592301,オルメサルタン錠２０ｍｇ「オーハラ」,ht
622592401,オルメサルタン錠４０ｍｇ「オーハラ」,ht
622593301,オルメサルタン錠５ｍｇ「三和」,ht
622593401,オルメサルタン錠１０ｍｇ「三和」,ht
622593501,オルメサルタン錠２０ｍｇ「三和」,ht
622593601,オルメサルタン錠４０ｍｇ「三和」,ht
622593701,オルメサルタンＯＤ錠１０ｍｇ「アメル」,ht
622593801,オルメサルタンＯＤ錠２０ｍｇ「アメル」,ht
622593901,テラムロ配合錠ＡＰ「ＪＧ」,ht
622594001,テラムロ配合錠ＢＰ「ＪＧ」,ht
622594101,イルベサルタン錠５０ｍｇ「オーハラ」,ht
622594201,イルベサルタン錠１００ｍｇ「オーハラ」,ht
622594301,イルベサルタン錠２００ｍｇ「オーハラ」,ht
622594901,オルメサルタン錠５ｍｇ「日新」,ht
622595001,オルメサルタン錠１０ｍｇ「日新」,ht
622595101,オルメサルタン錠２０ｍｇ「日新」,ht
622595201,オルメサルタン錠４０ｍｇ「日新」,ht
622597001,オルメサルタン錠５ｍｇ「ツルハラ」,ht
622597101,オルメサルタン錠１０ｍｇ「ツルハラ」,ht
622597201,オルメサルタン錠２０ｍｇ「ツルハラ」,ht
622597301,オルメサルタン錠４０ｍｇ「ツルハラ」,ht
622597601,オルメサルタン錠５ｍｇ「日医工」,ht
622597701,オルメサルタン錠１０ｍｇ「日医工」,ht
622597801,オルメサルタン錠２０ｍｇ「日医工」,ht
622597901,オルメサルタン錠４０ｍｇ「日医工」,ht
622598001,オルメサルタンＯＤ錠１０ｍｇ「日医工」,ht
622598101,オルメサルタンＯＤ錠２０ｍｇ「日医工」,ht
622598201,オルメサルタンＯＤ錠４０ｍｇ「日医工」,ht
622598701,イルベサルタン錠５０ｍｇ「日医工」,ht
622598801,イルベサルタン錠１００ｍｇ「日医工」,ht
622598901,イルベサルタン錠２００ｍｇ「日医工」,ht
622599601,イルベサルタン錠５０ｍｇ「ＥＥ」,ht
622599701,イルベサルタン錠１００ｍｇ「ＥＥ」,ht
622599801,イルベサルタン錠２００ｍｇ「ＥＥ」,ht
622599901,オルメサルタンＯＤ錠５ｍｇ「ＥＥ」,ht
622600001,オルメサルタンＯＤ錠１０ｍｇ「ＥＥ」,ht
622600101,オルメサルタンＯＤ錠２０ｍｇ「ＥＥ」,ht
622600201,オルメサルタンＯＤ錠４０ｍｇ「ＥＥ」,ht
622600401,オルメサルタン錠５ｍｇ「アメル」,ht
622600501,オルメサルタン錠４０ｍｇ「アメル」,ht
622601601,イルベサルタン錠５０ｍｇ「ＫＮ」,ht
622601701,イルベサルタン錠５０ｍｇ「ニプロ」,ht
622601801,イルベサルタン錠１００ｍｇ「ＫＮ」,ht
622601901,イルベサルタン錠１００ｍｇ「ニプロ」,ht
622602001,イルベサルタン錠２００ｍｇ「ＫＮ」,ht
622602101,イルベサルタン錠２００ｍｇ「ニプロ」,ht
622602201,オルメサルタンＯＤ錠５ｍｇ「ＫＮ」,ht
622602301,オルメサルタンＯＤ錠５ｍｇ「ニプロ」,ht
622602401,オルメサルタンＯＤ錠１０ｍｇ「ＫＮ」,ht
622602501,オルメサルタンＯＤ錠１０ｍｇ「ニプロ」,ht
622602601,オルメサルタンＯＤ錠２０ｍｇ「ＫＮ」,ht
622602701,オルメサルタンＯＤ錠２０ｍｇ「ニプロ」,ht
622602801,オルメサルタンＯＤ錠４０ｍｇ「ＫＮ」,ht
622602901,オルメサルタンＯＤ錠４０ｍｇ「ニプロ」,ht
622603001,オルメサルタン錠５ｍｇ「ＫＮ」,ht
622603101,オルメサルタン錠５ｍｇ「ニプロ」,ht
622603201,オルメサルタン錠１０ｍｇ「ＫＮ」,ht
622603301,オルメサルタン錠１０ｍｇ「ニプロ」,ht
622603401,オルメサルタン錠２０ｍｇ「ＫＮ」,ht
622603501,オルメサルタン錠２０ｍｇ「ニプロ」,ht
622603601,オルメサルタン錠４０ｍｇ「ＫＮ」,ht
622603701,オルメサルタン錠４０ｍｇ「ニプロ」,ht
622612000,カンデサルタンシレキセチル４ｍｇ錠（２）,ht
622612100,カンデサルタンシレキセチル８ｍｇ錠（２）,ht
622613400,テルミサルタン・アムロジピンベシル酸塩錠（１）,ht
622613500,テルミサルタン・アムロジピンベシル酸塩錠（２）,ht
622613800,テルミサルタン２０ｍｇ錠（１）,ht
622613900,テルミサルタン２０ｍｇ錠（２）,ht
622614000,テルミサルタン４０ｍｇ錠,ht
622614100,テルミサルタン８０ｍｇ錠,ht
622615100,バルサルタン・アムロジピンベシル酸塩錠,ht
622615200,バルサルタン４０ｍｇ錠（２）,ht
622615300,バルサルタン８０ｍｇ錠（２）,ht
622615400,バルサルタン１６０ｍｇ錠（２）,ht
622620101,イルアミクス配合錠ＬＤ「ＹＤ」,ht
622620201,イルアミクス配合錠ＨＤ「ＹＤ」,ht
622620301,オルメサルタンＯＤ錠１０ｍｇ「オーハラ」,ht
622620401,オルメサルタンＯＤ錠２０ｍｇ「オーハラ」,ht
622620501,オルメサルタンＯＤ錠４０ｍｇ「オーハラ」,ht
622622701,イルアミクス配合錠ＬＤ「ケミファ」,ht
622622801,イルアミクス配合錠ＨＤ「ケミファ」,ht
622625201,イルアミクス配合錠ＬＤ「ＴＣＫ」,ht
622625301,イルアミクス配合錠ＨＤ「ＴＣＫ」,ht
622625901,イルアミクス配合錠ＨＤ「日医工」,ht
622626701,イルアミクス配合錠ＬＤ「ＤＳＰＢ」,ht
622626801,イルアミクス配合錠ＨＤ「ＤＳＰＢ」,ht
622627501,イルアミクス配合錠ＨＤ「トーワ」,ht
622627601,イルアミクス配合錠ＬＤ「トーワ」,ht
622629301,イルアミクス配合錠ＬＤ「日医工」,ht
622631501,イルアミクス配合錠ＬＤ「杏林」,ht
622631601,イルアミクス配合錠ＨＤ「杏林」,ht
622631701,オルメサルタンＯＤ錠１０ｍｇ「杏林」,ht
622631801,オルメサルタンＯＤ錠２０ｍｇ「杏林」,ht
622631901,オルメサルタンＯＤ錠４０ｍｇ「杏林」,ht
622632001,イルアミクス配合錠ＬＤ「オーハラ」,ht
622632101,イルアミクス配合錠ＨＤ「オーハラ」,ht
622632301,イルアミクス配合錠ＬＤ「武田テバ」,ht
622632401,イルアミクス配合錠ＨＤ「武田テバ」,ht
622632601,イルアミクス配合錠ＨＤ「ファイザー」,ht
622632701,イルアミクス配合錠ＬＤ「ファイザー」,ht
622633601,イルアミクス配合錠ＬＤ「ＪＧ」,ht
622633701,イルアミクス配合錠ＨＤ「ＪＧ」,ht
622633801,イルベサルタンＯＤ錠５０ｍｇ「ＪＧ」,ht
622633901,イルベサルタンＯＤ錠１００ｍｇ「ＪＧ」,ht
622634001,イルベサルタンＯＤ錠２００ｍｇ「ＪＧ」,ht
622635301,イルアミクス配合錠ＨＤ「サンド」,ht
622635401,イルアミクス配合錠ＬＤ「サンド」,ht
622635501,イルアミクス配合錠ＨＤ「三和」,ht
622635601,イルアミクス配合錠ＬＤ「三和」,ht
622636701,テルミサルタン錠２０ｍｇ「フェルゼン」,ht
622637501,イルアミクス配合錠ＬＤ「サワイ」,ht
622637601,イルアミクス配合錠ＨＤ「サワイ」,ht
622639701,テルミサルタン錠４０ｍｇ「フェルゼン」,ht
622639801,テルミサルタン錠８０ｍｇ「フェルゼン」,ht
622641401,イルベサルタンＯＤ錠５０ｍｇ「オーハラ」,ht
622641501,イルベサルタンＯＤ錠１００ｍｇ「オーハラ」,ht
622641601,イルベサルタンＯＤ錠２００ｍｇ「オーハラ」,ht
622642501,イルアミクス配合錠ＬＤ「ＥＥ」,ht
622642601,イルアミクス配合錠ＨＤ「ＥＥ」,ht
622644401,カルベジロール錠１．２５ｍｇ「Ｍｅ」,ht
622644501,カルベジロール錠２．５ｍｇ「Ｍｅ」,ht
622644601,カルベジロール錠１０ｍｇ「Ｍｅ」,ht
622644701,カルベジロール錠２０ｍｇ「Ｍｅ」,ht
620003900,塩酸ベニジピン錠２「ＭＥＥＫ」　２ｍｇ,ht
620003903,塩酸ベニジピン錠４「ＭＥＥＫ」　４ｍｇ,ht
620004047,ベニジピン塩酸塩錠２「ＴＣＫ」　２ｍｇ,ht
620004048,ベニジピン塩酸塩錠２ｍｇ「ＮＰＩ」,ht
620004049,ベニジピン塩酸塩錠２ｍｇ「ＯＭＥ」,ht
620004050,ベニジピン塩酸塩錠２ｍｇ「サワイ」,ht
620004053,ベニジピン塩酸塩錠２ｍｇ「日医工」,ht
620004054,ベニジピン塩酸塩錠２ｍｇ「ＹＤ」,ht
620004055,ベニジピン塩酸塩錠４「ＴＣＫ」　４ｍｇ,ht
620004056,ベニジピン塩酸塩錠４ｍｇ「ＮＰＩ」,ht
620004057,ベニジピン塩酸塩錠４ｍｇ「ＯＭＥ」,ht
620004058,ベニジピン塩酸塩錠４ｍｇ「サワイ」,ht
620004061,ベニジピン塩酸塩錠４ｍｇ「日医工」,ht
620004062,ベニジピン塩酸塩錠４ｍｇ「ＹＤ」,ht
620004063,ベニジピン塩酸塩錠８「ＴＣＫ」　８ｍｇ,ht
620004064,ベニジピン塩酸塩錠８ｍｇ「サワイ」,ht
620005551,ベニジピン塩酸塩錠２ｍｇ「ＭＥＤ」,ht
620005552,ベニジピン塩酸塩錠２ｍｇ「タナベ」,ht
620005553,ベニジピン塩酸塩錠４ｍｇ「ＭＥＤ」,ht
620005554,ベニジピン塩酸塩錠４ｍｇ「タナベ」,ht
620005555,ベニジピン塩酸塩錠８ｍｇ「ＭＥＤ」,ht
620005556,ベニジピン塩酸塩錠８ｍｇ「タナベ」,ht
620006664,塩酸ベニジピン錠２ｍｇ「マイラン」,ht
620006665,塩酸ベニジピン錠４ｍｇ「マイラン」,ht
620007997,塩酸ベニジピン錠８ｍｇ「マイラン」,ht
620008063,ベニジピン塩酸塩錠２ｍｇ「ＣＨ」,ht
620008064,ベニジピン塩酸塩錠４ｍｇ「ＣＨ」,ht
620008065,ベニジピン塩酸塩錠８ｍｇ「ＮＰＩ」,ht
620008066,ベニジピン塩酸塩錠８ｍｇ「ＯＭＥ」,ht
620008067,ベニジピン塩酸塩錠８ｍｇ「ＣＨ」,ht
620008068,ベニジピン塩酸塩錠８ｍｇ「日医工」,ht
620009434,ベニジピン塩酸塩錠８ｍｇ「ＹＤ」,ht
621726901,ベニジピン塩酸塩錠２ｍｇ「テバ」,ht
621727001,ベニジピン塩酸塩錠４ｍｇ「テバ」,ht
621736902,ベニジピン塩酸塩錠４ｍｇ「ＮＳ」,ht
621739203,塩酸ベニジピン錠２「ＮＰ」　２ｍｇ,ht
621739403,塩酸ベニジピン錠４「ＮＰ」　４ｍｇ,ht
621739601,ベニジピン塩酸塩錠４ｍｇ「ツルハラ」,ht
621739702,ベニジピン塩酸塩錠４ｍｇ「杏林」,ht
621751201,ベニジピン塩酸塩錠２ｍｇ「トーワ」,ht
621751301,ベニジピン塩酸塩錠４ｍｇ「トーワ」,ht
621783103,塩酸ベニジピン錠８「ＮＰ」　８ｍｇ,ht
621793502,ベニジピン塩酸塩錠２ｍｇ「ＮＳ」,ht
621793602,ベニジピン塩酸塩錠８ｍｇ「ＮＳ」,ht
621867101,ベニジピン塩酸塩錠８ｍｇ「トーワ」,ht
621948101,塩酸ベニジピン錠８「ＭＥＥＫ」　８ｍｇ,ht
621985102,ベニジピン塩酸塩錠２ｍｇ「杏林」,ht
621985202,ベニジピン塩酸塩錠８ｍｇ「杏林」,ht
622050101,ベニジピン塩酸塩錠２ｍｇ「アメル」,ht
622050201,ベニジピン塩酸塩錠４ｍｇ「アメル」,ht
622050301,ベニジピン塩酸塩錠８ｍｇ「アメル」,ht
622058602,ベニジピン塩酸塩錠８ｍｇ「テバ」,ht
622126201,ベニジピン塩酸塩錠２ｍｇ「ツルハラ」,ht
622126301,ベニジピン塩酸塩錠８ｍｇ「ツルハラ」,ht
622323500,ベニジピン塩酸塩８ｍｇ錠,ht
620004014,ニフェジピンＣＲ錠１０ｍｇ「サワイ」,ht
620004015,ニフェジピンＣＲ錠２０ｍｇ「サワイ」,ht
620004016,ニフェジピンＣＲ錠４０ｍｇ「サワイ」,ht
620007014,ニフェジピンＬ錠１０ｍｇ「サワイ」,ht
620007015,ニフェジピンＬ錠２０ｍｇ「サワイ」,ht
620007016,ニフェジピンカプセル５ｍｇ「サワイ」,ht
620008034,ニフェジピンカプセル１０ｍｇ「サワイ」,ht
620317401,ニフェジピン細粒１％「ツルハラ」,ht
620317603,ニフェジピン錠１０ｍｇ「ツルハラ」,ht
620318401,ニフェジピンＬ錠１０ｍｇ「ＺＥ」,ht
620318701,ニフェジピンＬ錠１０ｍｇ「日医工」,ht
620318801,ニフェジピンＬ錠１０ｍｇ「トーワ」,ht
620318901,ニフェジピンＬ錠１０ｍｇ「アメル」,ht
620319101,ニフェジピンＬ錠１０ｍｇ「三和」,ht
620319704,ニフェジピンＬ錠２０ｍｇ「ツルハラ」,ht
620319901,ニフェジピンＬ錠２０ｍｇ「ＺＥ」,ht
620320201,ニフェジピンＬ錠２０ｍｇ「日医工」,ht
620320301,ニフェジピンＬ錠２０ｍｇ「トーワ」,ht
620320401,ニフェジピンＬ錠２０ｍｇ「アメル」,ht
620320601,ニフェジピンＬ錠２０ｍｇ「三和」,ht
620322401,ニフェジピンカプセル１０ｍｇ「ＴＣ」,ht
620323403,ニフェジピンカプセル１０ｍｇ「テバ」,ht
621252701,ニフェジピンカプセル５ｍｇ「ＴＣ」,ht
621621501,ニフェジピンＣＲ錠２０ｍｇ「ＺＥ」,ht
621621601,ニフェジピンＣＲ錠４０ｍｇ「ＺＥ」,ht
621637101,ニフェジピンＣＲ錠２０ｍｇ「トーワ」,ht
621675601,ニフェジピンＣＲ錠２０ｍｇ「日医工」,ht
621675701,ニフェジピンＣＲ錠４０ｍｇ「日医工」,ht
621685101,ニフェジピンＣＲ錠１０ｍｇ「トーワ」,ht
621685201,ニフェジピンＣＲ錠４０ｍｇ「トーワ」,ht
621685401,ニフェジピンＣＲ錠１０ｍｇ「ＺＥ」,ht
621733201,ニフェジピンＣＲ錠１０ｍｇ「日医工」,ht
621838103,ニフェジピンＣＲ錠１０ｍｇ「ＮＰ」,ht
621838203,ニフェジピンＣＲ錠２０ｍｇ「ＮＰ」,ht
621838303,ニフェジピンＣＲ錠４０ｍｇ「ＮＰ」,ht
622029402,ニフェジピンカプセル５ｍｇ「テバ」,ht
622077702,ニフェジピンＬ錠１０ｍｇ「ツルハラ」,ht
622080302,ニフェジピンカプセル５ｍｇ「ツルハラ」,ht
622636801,ニフェジピンＣＲ錠１０ｍｇ「三和」,ht
622636901,ニフェジピンＣＲ錠２０ｍｇ「三和」,ht
622637001,ニフェジピンＣＲ錠４０ｍｇ「三和」,ht
620007817,アムロジピンＯＤ錠２．５ｍｇ「トーワ」,ht
620007818,アムロジピンＯＤ錠５ｍｇ「トーワ」,ht
620007819,アムロジピン錠２．５ｍｇ「あすか」,ht
620007820,アムロジピン錠２．５ｍｇ「アメル」,ht
620007822,アムロジピン錠２．５ｍｇ「ＥＭＥＣ」,ht
620007823,アムロジピン錠２．５ｍｇ「イセイ」,ht
620007826,アムロジピン錠２．５ｍｇ「ＮＳ」,ht
620007827,アムロジピン錠２．５ｍｇ「ＮＰ」,ht
620007828,アムロジピン錠２．５ｍｇ「Ｆ」,ht
620007830,アムロジピン錠２．５ｍｇ「オーハラ」,ht
620007831,アムロジピン錠２．５ｍｇ「科研」,ht
620007833,アムロジピン錠２．５ｍｇ「ＫＮ」,ht
620007834,アムロジピン錠２．５ｍｇ「ケミファ」,ht
620007836,アムロジピン錠２．５ｍｇ「サワイ」,ht
620007837,アムロジピン錠２．５ｍｇ「サンド」,ht
620007838,アムロジピン錠２．５ｍｇ「ＪＧ」,ht
620007839,アムロジピン錠２．５ｍｇ「ＣＨ」,ht
620007840,アムロジピン錠２．５ｍｇ「タイヨー」,ht
620007841,アムロジピン錠２．５ｍｇ「タカタ」,ht
620007842,アムロジピン錠２．５ｍｇ「タナベ」,ht
620007843,アムロジピン錠２．５ｍｇ「ツルハラ」,ht
620007844,アムロジピン錠２．５ｍｇ「ＴＣＫ」,ht
620007845,アムロジピン錠２．５ｍｇ「ＴＹＫ」,ht
620007846,アムロジピン錠２．５ｍｇ「トーワ」,ht
620007847,アムロジピン錠２．５ｍｇ「日医工」,ht
620007849,アムロジピン錠２．５ｍｇ「フソー」,ht
620007851,アムロジピン錠２．５ｍｇ「明治」,ht
620007852,アムロジピン錠２．５ｍｇ「ＹＤ」,ht
620007853,アムロジピン錠５ｍｇ「あすか」,ht
620007854,アムロジピン錠５ｍｇ「アメル」,ht
620007856,アムロジピン錠５ｍｇ「ＥＭＥＣ」,ht
620007857,アムロジピン錠５ｍｇ「イセイ」,ht
620007860,アムロジピン錠５ｍｇ「ＮＳ」,ht
620007861,アムロジピン錠５ｍｇ「ＮＰ」,ht
620007862,アムロジピン錠５ｍｇ「Ｆ」,ht
620007864,アムロジピン錠５ｍｇ「オーハラ」,ht
620007865,アムロジピン錠５ｍｇ「科研」,ht
620007867,アムロジピン錠５ｍｇ「ＫＮ」,ht
620007868,アムロジピン錠５ｍｇ「ケミファ」,ht
620007870,アムロジピン錠５ｍｇ「サワイ」,ht
620007871,アムロジピン錠５ｍｇ「サンド」,ht
620007872,アムロジピン錠５ｍｇ「ＪＧ」,ht
620007873,アムロジピン錠５ｍｇ「ＣＨ」,ht
620007874,アムロジピン錠５ｍｇ「タイヨー」,ht
620007875,アムロジピン錠５ｍｇ「タカタ」,ht
620007876,アムロジピン錠５ｍｇ「タナベ」,ht
620007877,アムロジピン錠５ｍｇ「ツルハラ」,ht
620007878,アムロジピン錠５ｍｇ「ＴＣＫ」,ht
620007879,アムロジピン錠５ｍｇ「ＴＹＫ」,ht
620007880,アムロジピン錠５ｍｇ「トーワ」,ht
620007881,アムロジピン錠５ｍｇ「日医工」,ht
620007883,アムロジピン錠５ｍｇ「フソー」,ht
620007885,アムロジピン錠５ｍｇ「明治」,ht
620007886,アムロジピン錠５ｍｇ「ＹＤ」,ht
621847203,アムロジピン錠２．５ｍｇ「ＱＱ」,ht
621847303,アムロジピン錠５ｍｇ「ＱＱ」,ht
621852302,アムロジピン錠２．５ｍｇ「ＤＳＥＰ」,ht
621852402,アムロジピン錠５ｍｇ「ＤＳＥＰ」,ht
621853103,アムロジピン錠２．５ｍｇ「杏林」,ht
621853203,アムロジピン錠５ｍｇ「杏林」,ht
621931301,アムロジピンＯＤ錠２．５ｍｇ「ＴＣＫ」,ht
621931401,アムロジピンＯＤ錠５ｍｇ「ＴＣＫ」,ht
621931901,アムロジピンＯＤ錠２．５ｍｇ「明治」,ht
621932001,アムロジピンＯＤ錠５ｍｇ「明治」,ht
621934403,アムロジピンＯＤ錠２．５ｍｇ「武田テバ」,ht
621934503,アムロジピンＯＤ錠５ｍｇ「武田テバ」,ht
621936803,アムロジピンＯＤフィルム２．５ｍｇ「ＱＱ」,ht
621936903,アムロジピンＯＤフィルム５ｍｇ「ＱＱ」,ht
621937301,アムロジピンＯＤ錠２．５ｍｇ「ＮＳ」,ht
621937401,アムロジピンＯＤ錠５ｍｇ「ＮＳ」,ht
621938501,アムロジピンＯＤ錠２．５ｍｇ「ＪＧ」,ht
621938601,アムロジピンＯＤ錠５ｍｇ「ＪＧ」,ht
621941201,アムロジピンＯＤ錠２．５ｍｇ「ＹＤ」,ht
621941301,アムロジピンＯＤ錠５ｍｇ「ＹＤ」,ht
621941601,アムロジピンＯＤ錠２．５ｍｇ「ケミファ」,ht
621941701,アムロジピンＯＤ錠５ｍｇ「ケミファ」,ht
621944301,アムロジピンＯＤ錠２．５ｍｇ「タカタ」,ht
621944401,アムロジピンＯＤ錠５ｍｇ「タカタ」,ht
621948401,アムロジピン錠２．５ｍｇ「ＢＭＤ」,ht
621948501,アムロジピン錠５ｍｇ「ＢＭＤ」,ht
621949101,アムロジピンＯＤ錠２．５ｍｇ「アメル」,ht
621949201,アムロジピンＯＤ錠５ｍｇ「アメル」,ht
621951201,アムロジピンＯＤ錠２．５ｍｇ「ＮＰ」,ht
621951301,アムロジピンＯＤ錠５ｍｇ「ＮＰ」,ht
621952605,アムロジピンＯＤ錠２．５ｍｇ「ＴＹＫ」,ht
621952705,アムロジピンＯＤ錠５ｍｇ「ＴＹＫ」,ht
621954603,アムロジピンＯＤ錠２．５ｍｇ「杏林」,ht
621954703,アムロジピンＯＤ錠５ｍｇ「杏林」,ht
621956801,アムロジピンＯＤ錠２．５ｍｇ「フソー」,ht
621956901,アムロジピンＯＤ錠５ｍｇ「フソー」,ht
621957301,アムロジピンＯＤ錠２．５ｍｇ「科研」,ht
621957401,アムロジピンＯＤ錠５ｍｇ「科研」,ht
621958901,アムロジピンＯＤ錠２．５ｍｇ「あすか」,ht
621959001,アムロジピンＯＤ錠２．５ｍｇ「サワイ」,ht
621959101,アムロジピンＯＤ錠２．５ｍｇ「サンド」,ht
621959201,アムロジピンＯＤ錠２．５ｍｇ「ＺＥ」,ht
621959301,アムロジピンＯＤ錠２．５ｍｇ「日医工」,ht
621959401,アムロジピンＯＤ錠５ｍｇ「あすか」,ht
621959501,アムロジピンＯＤ錠５ｍｇ「サワイ」,ht
621959601,アムロジピンＯＤ錠５ｍｇ「サンド」,ht
621959701,アムロジピンＯＤ錠５ｍｇ「ＺＥ」,ht
621959801,アムロジピンＯＤ錠５ｍｇ「日医工」,ht
621973001,アムロジピンＯＤ錠２．５ｍｇ「ＥＭＥＣ」,ht
621973101,アムロジピンＯＤ錠５ｍｇ「ＥＭＥＣ」,ht
621985501,アムロジピンＯＤ錠２．５ｍｇ「ＫＮ」,ht
621985601,アムロジピンＯＤ錠５ｍｇ「ＫＮ」,ht
622018401,アムロジピンＯＤ錠２．５ｍｇ「ＣＨ」,ht
622018501,アムロジピンＯＤ錠５ｍｇ「ＣＨ」,ht
622029502,アムロジピン錠２．５ｍｇ「クニヒロ」,ht
622029602,アムロジピン錠５ｍｇ「クニヒロ」,ht
622137601,アムロジピン錠１０ｍｇ「ＥＭＥＣ」,ht
622141201,アムロジピン錠１０ｍｇ「ＫＮ」,ht
622143001,アムロジピン錠１０ｍｇ「トーワ」,ht
622143101,アムロジピンＯＤ錠１０ｍｇ「トーワ」,ht
622163901,アムロジピン錠１０ｍｇ「ツルハラ」,ht
622180801,アムロジピン錠１０ｍｇ「明治」,ht
622183801,アムロジピンＯＤ錠１０ｍｇ「ＺＥ」,ht
622184701,アムロジピン錠１０ｍｇ「あすか」,ht
622187801,アムロジピン錠１０ｍｇ「杏林」,ht
622187901,アムロジピンＯＤ錠１０ｍｇ「杏林」,ht
622189801,アムロジピン錠１０ｍｇ「タカタ」,ht
622189901,アムロジピンＯＤ錠１０ｍｇ「タカタ」,ht
622193201,アムロジピンＯＤ錠１０ｍｇ「ＥＭＥＣ」,ht
622198101,アムロジピン錠１０ｍｇ「ＮＳ」,ht
622201301,アムロジピン錠１０ｍｇ「アメル」,ht
622201401,アムロジピンＯＤ錠１０ｍｇ「アメル」,ht
622202301,アムロジピン錠１０ｍｇ「タナベ」,ht
622202901,アムロジピンＯＤ錠１０ｍｇ「ＫＮ」,ht
622207401,アムロジピン錠１０ｍｇ「日医工」,ht
622207501,アムロジピンＯＤ錠１０ｍｇ「日医工」,ht
622208801,アムロジピン錠１０ｍｇ「ケミファ」,ht
622213802,アムロジピン錠１０ｍｇ「クニヒロ」,ht
622215001,アムロジピンＯＤ錠１０ｍｇ「サンド」,ht
622216201,アムロジピン錠１０ｍｇ「ＮＰ」,ht
622216301,アムロジピンＯＤ錠１０ｍｇ「ＮＰ」,ht
622219501,アムロジピン錠１０ｍｇ「サワイ」,ht
622219601,アムロジピンＯＤ錠１０ｍｇ「サワイ」,ht
622221101,アムロジピン錠１０ｍｇ「科研」,ht
622221501,アムロジピンＯＤ錠１０ｍｇ「ＴＣＫ」,ht
622233601,アムロジピン錠１０ｍｇ「ＹＤ」,ht
622234501,アムロジピン錠１０ｍｇ「オーハラ」,ht
622239501,アムロジピン錠１０ｍｇ「ＤＳＥＰ」,ht
622243801,アムロジピン錠１０ｍｇ「ＢＭＤ」,ht
622248901,アムロジピン錠１０ｍｇ「Ｆ」,ht
622249601,アムロジピン錠１０ｍｇ「ＱＱ」,ht
622249701,アムロジピン錠１０ｍｇ「ＴＹＫ」,ht
622249801,アムロジピン錠１０ｍｇ「タイヨー」,ht
622253901,アムロジピン錠１０ｍｇ「ＴＣＫ」,ht
622257701,アムロジピン錠１０ｍｇ「ＣＨ」,ht
622260701,アムロジピン錠１０ｍｇ「ＪＧ」,ht
622260901,アムロジピン錠１０ｍｇ「イセイ」,ht
622261701,アムロジピン錠１０ｍｇ「フソー」,ht
622269701,アムロジピンＯＤ錠１０ｍｇ「ＹＤ」,ht
622282601,アムロジピンＯＤ錠１０ｍｇ「ＮＳ」,ht
622284002,アムロジピンＯＤ錠１０ｍｇ「武田テバ」,ht
622284101,アムロジピンＯＤ錠１０ｍｇ「ＴＹＫ」,ht
622285601,アムロジピンＯＤ錠１０ｍｇ「明治」,ht
622287301,アムロジピンＯＤ錠１０ｍｇ「ケミファ」,ht
622288501,アムロジピンＯＤ錠１０ｍｇ「ＪＧ」,ht
622290901,アムロジピンＯＤ錠１０ｍｇ「ＣＨ」,ht
622298501,アムロジピンＯＤ錠１０ｍｇ「科研」,ht
622301601,アムロジピンＯＤ錠１０ｍｇ「フソー」,ht
622309600,アムロジピンベシル酸塩２．５ｍｇ錠,ht
622309700,アムロジピンベシル酸塩５ｍｇ錠（１）,ht
622309800,アムロジピンベシル酸塩１０ｍｇ錠,ht
622360701,アムロジピンＯＤ錠２．５ｍｇ「イセイ」,ht
622360801,アムロジピンＯＤ錠５ｍｇ「イセイ」,ht
622360901,アムロジピンＯＤ錠１０ｍｇ「イセイ」,ht
622439701,アムロジピンＯＤ錠１０ｍｇ「あすか」,ht
622689200,アムロジピンベシル酸塩５ｍｇ錠（２）,ht
622689300,イルベサルタン・アムロジピンベシル酸塩錠（１）,ht
622689400,イルベサルタン・アムロジピンベシル酸塩錠（２）,ht
622691600,バルサルタン・アムロジピンベシル酸塩錠（２）,ht
612170662,コニール錠２　２ｍｇ,ht
612170663,コニール錠４　４ｍｇ,ht
612170664,コニール錠８　８ｍｇ,ht
620003886,アムロジンＯＤ錠２．５ｍｇ,ht
620003887,アムロジンＯＤ錠５ｍｇ,ht
620005904,アムロジン錠２．５ｍｇ,ht
620005905,アムロジン錠５ｍｇ,ht
621991101,アムロジン錠１０ｍｇ,ht
621991201,アムロジンＯＤ錠１０ｍｇ,ht
622876501,アジルバ顆粒１％,ht
622876101,ビソプロロールフマル酸塩錠５ｍｇ「明治」,ht
622876901,カンデサルタン錠１２ｍｇ「武田テバ」,ht
622876701,カンデサルタン錠４ｍｇ「武田テバ」,ht
622876601,カンデサルタン錠２ｍｇ「武田テバ」,ht
622875901,ビソプロロールフマル酸塩錠０．６２５ｍｇ「明治」,ht
622876001,ビソプロロールフマル酸塩錠２．５ｍｇ「明治」,ht
622876801,カンデサルタン錠８ｍｇ「武田テバ」,ht
622872701,カルベジロール錠１．２５ｍｇ「ＤＳＥＰ」,ht
622872801,カルベジロール錠２．５ｍｇ「ＤＳＥＰ」,ht
622872901,カルベジロール錠１０ｍｇ「ＤＳＥＰ」,ht
622873001,カルベジロール錠２０ｍｇ「ＤＳＥＰ」,ht
622496103,カルベジロール錠１．２５ｍｇ「ＮＩＧ」,ht
622496203,カルベジロール錠２．５ｍｇ「ＮＩＧ」,ht
621520604,カルベジロール錠２０ｍｇ「ＮＩＧ」,ht
621520504,カルベジロール錠１０ｍｇ「ＮＩＧ」,ht
622102203,リシノプリル錠５ｍｇ「ＮＩＧ」,ht
622102303,リシノプリル錠２０ｍｇ「ＮＩＧ」,ht
622880401,ジルムロ配合ＯＤ錠ＨＤ「日医工」,ht
622880301,ジルムロ配合ＯＤ錠ＬＤ「日医工」,ht
621246304,リシノプリル錠１０ｍｇ「ＮＩＧ」,ht
610453036,カプトプリルＲカプセル１８．７５「ＳＷ」　１８．７５ｍｇ,ht
612120017,インデラル錠２０ｍｇ,ht
612140129,セロケン錠４０ｍｇ,ht
612140565,１０％アプレゾリン散「チバ」,ht
620000075,トランドラプリル錠０．５ｍｇ「ＯＨＡＲＡ」,ht
620000076,トランドラプリル錠１ｍｇ「ＯＨＡＲＡ」,ht
620001874,ビソプロロールフマル酸塩２．５ｍｇ錠,ht
620001876,エナラプリルマレイン酸塩５ｍｇ錠,ht
620002708,カルベジロール錠１０「タツミ」　１０ｍｇ,ht
620002709,カルベジロール錠２０「タツミ」　２０ｍｇ,ht
620004012,ニソルジピン錠５ｍｇ「ニッシン」,ht
620004013,ニソルジピン錠１０ｍｇ「ニッシン」,ht
620004051,ベニジピン塩酸塩錠２ｍｇ「タイヨー」,ht
620004052,ベニジピン塩酸塩錠２ｍｇ「ＴＹＫ」,ht
620004059,ベニジピン塩酸塩錠４ｍｇ「タイヨー」,ht
620004060,ベニジピン塩酸塩錠４ｍｇ「ＴＹＫ」,ht
620004390,メチルドパ錠２５０ｍｇ「トーワ」,ht
620006745,エナラプリルマレイン酸塩２．５ｍｇ錠,ht
620006746,リシノプリル１０ｍｇ錠,ht
620006879,カプトプリル錠１２．５ｍｇ「トーワ」,ht
620007825,アムロジピン錠２．５ｍｇ「イワキ」,ht
620007829,アムロジピン錠２．５ｍｇ「ＭＥＤ」,ht
620007848,アムロジピン錠２．５ｍｇ「ＰＨ」,ht
620007850,アムロジピン錠２．５ｍｇ「マイラン」,ht
620007859,アムロジピン錠５ｍｇ「イワキ」,ht
620007863,アムロジピン錠５ｍｇ「ＭＥＤ」,ht
620007882,アムロジピン錠５ｍｇ「ＰＨ」,ht
620007884,アムロジピン錠５ｍｇ「マイラン」,ht
620007919,イミダプリル塩酸塩錠２．５ｍｇ「タイヨー」,ht
620007925,イミダプリル塩酸塩錠５ｍｇ「タイヨー」,ht
620007931,イミダプリル塩酸塩錠１０ｍｇ「タイヨー」,ht
620009306,エナラプリルマレイン酸塩錠２．５ｍｇ「マイラン」,ht
620009307,エナラプリルマレイン酸塩錠５ｍｇ「マイラン」,ht
620009359,テモカプリル塩酸塩錠１ｍｇ「サンド」,ht
620009366,テモカプリル塩酸塩錠１ｍｇ「ＢＭＤ」,ht
620009372,テモカプリル塩酸塩錠２ｍｇ「サンド」,ht
620009379,テモカプリル塩酸塩錠２ｍｇ「ＢＭＤ」,ht
620009385,テモカプリル塩酸塩錠４ｍｇ「サンド」,ht
620009392,テモカプリル塩酸塩錠４ｍｇ「ＢＭＤ」,ht
620009453,リシノプリル錠１０ｍｇ「マイラン」,ht
620253703,ピンドロール錠５ｍｇ「イセイ」,ht
620254410,アテノロール錠２５ｍｇ「日医工」,ht
620254527,アテノロール錠５０ｍｇ「日医工」,ht
620318903,ニフェジピンＬ錠１０ｍｇ「杏林」,ht
620319301,ニフェジピンＬ錠１０ｍｇ「ＫＰＩ」,ht
620320403,ニフェジピンＬ錠２０ｍｇ「杏林」,ht
620320701,ニフェジピンＬ錠２０ｍｇ「ＫＰＩ」,ht
620327001,ニトレンジピン錠５ｍｇ「三和」,ht
620328401,ニトレンジピン錠１０ｍｇ「三和」,ht
620348801,ニカルジピン塩酸塩錠２０ｍｇ「イセイ」,ht
621243401,エナリン錠２．５ｍｇ,ht
621243501,エナラプリルマレイン酸塩錠２．５ｍｇ「サンド」,ht
621243601,エナラプリルマレイン酸塩錠２．５ｍｇ「日医工」,ht
621244101,エナラプリルマレイン酸塩錠５ｍｇ「アメル」,ht
621244202,エナラプリルマレイン酸塩錠５ｍｇ「ＭＥＥＫ」,ht
621244501,エナリン錠５ｍｇ,ht
621244702,エナラプリルマレイン酸塩錠５ｍｇ「ＴＣＫ」,ht
621244801,エナラプリルマレイン酸塩錠５ｍｇ「サンド」,ht
621245201,エナラプリルマレイン酸塩錠５ｍｇ「日医工」,ht
621245801,エナラプリルマレイン酸塩錠１０ｍｇ「日医工」,ht
621248801,セリプロロール塩酸塩錠１００ｍｇ「タナベ」,ht
621249102,セリプロロール塩酸塩錠２００ｍｇ「タナベ」,ht
621365728,カプトプリル錠１２．５ｍｇ「ＫＮ」,ht
621365817,カプトプリル錠２５ｍｇ「ＫＮ」,ht
621400301,ビソプロロールフマル酸塩錠５ｍｇ「タイヨー」,ht
621401201,エナラプリルマレイン酸塩細粒１％「アメル」,ht
621401303,エナラプリルマレイン酸塩錠２．５ｍｇ「杏林」,ht
621401603,エナラプリルマレイン酸塩錠５ｍｇ「杏林」,ht
621468802,エナラプリルマレイン酸塩錠５ｍｇ「ＥＭＥＣ」,ht
621470601,ニソルジピン錠５ｍｇ「テバ」,ht
621471001,ニソルジピン錠１０ｍｇ「テバ」,ht
621526703,ニルバジピン錠２ｍｇ「武田テバ」,ht
621526803,ニルバジピン錠４ｍｇ「武田テバ」,ht
621638003,マニジピン塩酸塩錠１０ｍｇ「タナベ」,ht
621638103,マニジピン塩酸塩錠２０ｍｇ「タナベ」,ht
621641801,ドキサゾシン錠１ｍｇ「ＭＥＥＫ」,ht
621641901,ドキサゾシン錠２ｍｇ「ＭＥＥＫ」,ht
621730802,ベニジピン塩酸塩錠２ｍｇ「ＭＥＥＫ」,ht
621730902,ベニジピン塩酸塩錠４ｍｇ「ＭＥＥＫ」,ht
621749801,ベニジピン塩酸塩錠２ｍｇ「ＴＣＫ」,ht
621750401,ベニジピン塩酸塩錠４ｍｇ「ＴＣＫ」,ht
621751001,ベニジピン塩酸塩錠８ｍｇ「ＴＣＫ」,ht
621769401,プレミネント配合錠,ht
621846902,エナラプリルマレイン酸塩錠２．５ｍｇ「ＥＭＥＣ」,ht
621847002,エナラプリルマレイン酸塩錠１０ｍｇ「ＥＭＥＣ」,ht
621855203,アムロジピン錠２．５ｍｇ「ＮｉｋＰ」,ht
621857103,アムロジピン錠５ｍｇ「ＮｉｋＰ」,ht
621918601,ドキサゾシン錠０．５ｍｇ「ＭＥＥＫ」,ht
621918701,ドキサゾシン錠４ｍｇ「ＭＥＥＫ」,ht
621934401,アムロジピンＯＤ錠２．５ｍｇ「タイヨー」,ht
621934402,アムロジピンＯＤ錠２．５ｍｇ「テバ」,ht
621934501,アムロジピンＯＤ錠５ｍｇ「タイヨー」,ht
621934502,アムロジピンＯＤ錠５ｍｇ「テバ」,ht
621936801,アムロジピンＯＤフィルム２．５ｍｇ「興和テバ」,ht
621936901,アムロジピンＯＤフィルム５ｍｇ「興和テバ」,ht
621942301,イミダプリル塩酸塩錠２．５ｍｇ「マイラン」,ht
621942401,イミダプリル塩酸塩錠５ｍｇ「マイラン」,ht
621942501,イミダプリル塩酸塩錠１０ｍｇ「マイラン」,ht
621948102,ベニジピン塩酸塩錠８ｍｇ「ＭＥＥＫ」,ht
621953901,ベニジピン塩酸塩錠８ｍｇ「ＴＹＫ」,ht
621954601,アムロジピンＯＤ錠２．５ｍｇ「ＫＲＭ」,ht
621954701,アムロジピンＯＤ錠５ｍｇ「ＫＲＭ」,ht
621956402,マニジピン塩酸塩錠５ｍｇ「タナベ」,ht
621963001,テモカプリル塩酸塩錠１ｍｇ「ＫＴＢ」,ht
621963101,テモカプリル塩酸塩錠２ｍｇ「ＫＴＢ」,ht
621963201,テモカプリル塩酸塩錠４ｍｇ「ＫＴＢ」,ht
621975301,エナラプリルマレイン酸塩錠２．５ｍｇ「ＭＥＥＫ」,ht
621977601,エナラプリルマレイン酸塩錠１０ｍｇ「マイラン」,ht
621979802,エナラプリルマレイン酸塩錠１０ｍｇ「アメル」,ht
622028802,エナラプリルマレイン酸塩錠２．５ｍｇ「アメル」,ht
622029501,アムロジピン錠２．５ｍｇ「ＺＪ」,ht
622029503,アムロジピン錠２．５ｍｇ「ファイザー」,ht
622029601,アムロジピン錠５ｍｇ「ＺＪ」,ht
622031902,エナラプリルマレイン酸塩錠１０ｍｇ「杏林」,ht
622039201,シルニジピン錠５ｍｇ「ＳＮ」,ht
622039301,シルニジピン錠１０ｍｇ「ＳＮ」,ht
622039402,エナラプリルマレイン酸塩錠１０ｍｇ「サンド」,ht
622058601,ベニジピン塩酸塩錠８ｍｇ「タイヨー」,ht
622060401,ビソプロロールフマル酸塩錠２．５ｍｇ「タイヨー」,ht
622067202,エナラプリルマレイン酸塩錠２．５ｍｇ「ＴＣＫ」,ht
622076901,リシノプリル錠５ｍｇ「マイラン」,ht
622077001,リシノプリル錠２０ｍｇ「マイラン」,ht
622108002,エナラプリルマレイン酸塩錠１０ｍｇ「ＭＥＥＫ」,ht
622123502,ニカルジピン塩酸塩錠１０ｍｇ「イセイ」,ht
622137801,ロサルタンカリウム錠２５ｍｇ「マヤ」,ht
622137901,ロサルタンカリウム錠５０ｍｇ「マヤ」,ht
622155002,ロサルタンカリウム錠２５ｍｇ「ＮＰＩ」,ht
622155102,ロサルタンカリウム錠５０ｍｇ「ＮＰＩ」,ht
622155202,ロサルタンカリウム錠１００ｍｇ「ＮＰＩ」,ht
622172301,ロサルタンカリウム錠２５ｍｇ「マイラン」,ht
622172401,ロサルタンカリウム錠５０ｍｇ「マイラン」,ht
622172501,ロサルタンカリウム錠１００ｍｇ「マイラン」,ht
622179501,アムロジピン錠１０ｍｇ「ＭＥＤ」,ht
622181901,ロサルタンカリウム錠２５ｍｇ「本草」,ht
622182001,ロサルタンカリウム錠５０ｍｇ「本草」,ht
622182101,ロサルタンカリウム錠１００ｍｇ「本草」,ht
622211901,アムロジピン錠１０ｍｇ「ＮｉｋＰ」,ht
622213801,アムロジピン錠１０ｍｇ「ＺＪ」,ht
622214101,ロサルタンカリウム錠２５ｍｇ「ザイダス」,ht
622214201,ロサルタンカリウム錠５０ｍｇ「ザイダス」,ht
622214301,ロサルタンカリウム錠１００ｍｇ「ザイダス」,ht
622240001,アゼルニジピン錠８ｍｇ「ＫＯＧ」,ht
622240101,アゼルニジピン錠１６ｍｇ「ＫＯＧ」,ht
622284001,アムロジピンＯＤ錠１０ｍｇ「テバ」,ht
622312300,カプトプリル１２．５ｍｇ錠,ht
622318700,ドキサゾシンメシル酸塩１ｍｇ錠,ht
622323000,ベタキソロール塩酸塩５ｍｇ錠,ht
622324900,リシノプリル５ｍｇ錠,ht
622333601,バルサルタン錠２０ｍｇ「ＫＯＧ」,ht
622333701,バルサルタン錠４０ｍｇ「ＫＯＧ」,ht
622333801,バルサルタン錠８０ｍｇ「ＫＯＧ」,ht
622333901,バルサルタン錠１６０ｍｇ「ＫＯＧ」,ht
622334001,ロサルヒド配合錠ＬＤ「ＫＯＧ」,ht
622340401,バルサルタン錠２０ｍｇ「明治」,ht
622340501,バルサルタン錠４０ｍｇ「明治」,ht
622340601,バルサルタン錠８０ｍｇ「明治」,ht
622340701,バルサルタン錠１６０ｍｇ「明治」,ht
622350801,バルサルタン錠２０ｍｇ「ＡＡ」,ht
622350901,バルサルタン錠４０ｍｇ「ＡＡ」,ht
622351001,バルサルタン錠８０ｍｇ「ＡＡ」,ht
622351101,バルサルタン錠１６０ｍｇ「ＡＡ」,ht
622351201,ロサルヒド配合錠ＬＤ「ＡＡ」,ht
622351502,バルサルタン錠２０ｍｇ「ＮＰＩ」,ht
622351602,バルサルタン錠４０ｍｇ「ＮＰＩ」,ht
622351702,バルサルタン錠８０ｍｇ「ＮＰＩ」,ht
622351802,バルサルタン錠１６０ｍｇ「ＮＰＩ」,ht
622489101,ロサルヒド配合錠ＨＤ「ＫＯＧ」,ht
622652101,オルメサルタンＯＤ錠５ｍｇ「日医工」,ht
622663701,オルメサルタンＯＤ錠１０ｍｇ「ＪＧ」,ht
622663801,オルメサルタンＯＤ錠２０ｍｇ「ＪＧ」,ht
622663901,オルメサルタンＯＤ錠４０ｍｇ「ＪＧ」,ht
622664801,イルベサルタン錠５０ｍｇ「ＪＧ」,ht
622664901,イルベサルタン錠１００ｍｇ「ＪＧ」,ht
622665001,イルベサルタン錠２００ｍｇ「ＪＧ」,ht
622669401,ビソノテープ２ｍｇ,ht
622689700,エナラプリルマレイン酸塩５ｍｇ錠,ht
622691300,テルミサルタン４０ｍｇ口腔内崩壊錠,ht
622719200,ビソプロロールフマル酸塩２．５ｍｇ錠,ht
622719300,ビソプロロールフマル酸塩０．６２５ｍｇ錠,ht
622721500,カプトプリル５％細粒,ht
622721600,カプトプリル１２．５ｍｇ錠,ht
622721700,エナラプリルマレイン酸塩２．５ｍｇ錠,ht
622722400,リシノプリル５ｍｇ錠,ht
622722500,リシノプリル１０ｍｇ錠,ht
622722900,トランドラプリル０．５ｍｇ錠,ht
622723000,トランドラプリル１ｍｇ錠,ht
622724400,ドキサゾシンメシル酸塩０．５ｍｇ錠,ht
622724500,ドキサゾシンメシル酸塩１ｍｇ錠,ht
622725100,ベタキソロール塩酸塩５ｍｇ錠,ht
622725200,カルベジロール１０ｍｇ錠,ht
622725300,カルベジロール１．２５ｍｇ錠,ht
622725400,カルベジロール２．５ｍｇ錠,ht
622728200,ベニジピン塩酸塩２ｍｇ錠,ht
622728300,ベニジピン塩酸塩４ｍｇ錠,ht
622833901,アムロジピン錠５ｍｇ「ファイザー」,ht
622834001,アムロジピン錠１０ｍｇ「ファイザー」,ht
622834101,アムロジピンＯＤ錠２．５ｍｇ「ファイザー」,ht
622834201,アムロジピンＯＤ錠５ｍｇ「ファイザー」,ht
622834301,アムロジピンＯＤ錠１０ｍｇ「ファイザー」,ht
622834501,ドキサゾシン錠０．５ｍｇ「ファイザー」,ht
622834601,ドキサゾシン錠１ｍｇ「ファイザー」,ht
622834701,ドキサゾシン錠２ｍｇ「ファイザー」,ht
622834801,ドキサゾシン錠４ｍｇ「ファイザー」,ht
622844001,ジルムロ配合錠ＬＤ「ＹＤ」,ht
622844101,ジルムロ配合錠ＨＤ「ＹＤ」,ht
622844901,ジルムロ配合錠ＬＤ「ＴＣＫ」,ht
622845001,ジルムロ配合錠ＨＤ「ＴＣＫ」,ht
622846300,カンデサルタンシレキセチル・アムロジピンベシル酸塩ＨＤ錠,ht
622850701,ジルムロ配合錠ＬＤ「トーワ」,ht
622850801,ジルムロ配合錠ＨＤ「トーワ」,ht
622852101,ジルムロ配合ＯＤ錠ＬＤ「トーワ」,ht
622852201,ジルムロ配合ＯＤ錠ＨＤ「トーワ」,ht
622857601,ジルムロ配合錠ＬＤ「武田テバ」,ht
622857701,ジルムロ配合錠ＨＤ「武田テバ」,ht
622858801,ジルムロ配合錠ＬＤ「サワイ」,ht
622858901,ジルムロ配合錠ＨＤ「サワイ」,ht
622859001,ジルムロ配合ＯＤ錠ＬＤ「サワイ」,ht
622859101,ジルムロ配合ＯＤ錠ＨＤ「サワイ」,ht
622865601,ジルムロ配合錠ＬＤ「ツルハラ」,ht
622865701,ジルムロ配合錠ＨＤ「ツルハラ」,ht
622866201,ジルムロ配合錠ＬＤ「ニプロ」,ht
622866301,ジルムロ配合錠ＨＤ「ニプロ」,ht
622867801,ジルムロ配合錠ＨＤ「ＪＧ」,ht
622867901,ジルムロ配合錠ＬＤ「ＪＧ」,ht
621243304,エナラプリルマレイン酸塩錠２．５ｍｇ「ＶＴＲＳ」,ht
621244404,エナラプリルマレイン酸塩錠５ｍｇ「ＶＴＲＳ」,ht
621726903,ベニジピン塩酸塩錠２ｍｇ「ＮＩＧ」,ht
621727003,ベニジピン塩酸塩錠４ｍｇ「ＮＩＧ」,ht
621977604,エナラプリルマレイン酸塩錠１０ｍｇ「ＶＴＲＳ」,ht
622058603,ベニジピン塩酸塩錠８ｍｇ「ＮＩＧ」,ht
622146403,イミダプリル塩酸塩錠２．５ｍｇ「ＶＴＲＳ」,ht
622146502,イミダプリル塩酸塩錠５ｍｇ「ＶＴＲＳ」,ht
622146603,イミダプリル塩酸塩錠１０ｍｇ「ＶＴＲＳ」,ht
622146802,ロサルタンＫ錠２５ｍｇ「ＶＴＲＳ」,ht
622146903,ロサルタンＫ錠５０ｍｇ「ＶＴＲＳ」,ht
622147002,ロサルタンＫ錠１００ｍｇ「ＶＴＲＳ」,ht
622206803,カルベジロール錠１０ｍｇ「ＶＴＲＳ」,ht
622206903,カルベジロール錠２０ｍｇ「ＶＴＲＳ」,ht
622343602,バルサルタン錠２０ｍｇ「ＶＴＲＳ」,ht
622343702,バルサルタン錠４０ｍｇ「ＶＴＲＳ」,ht
622343802,バルサルタン錠８０ｍｇ「ＶＴＲＳ」,ht
622343902,バルサルタン錠１６０ｍｇ「ＶＴＲＳ」,ht
622344403,ロサルヒド配合錠ＬＤ「ＶＴＲＳ」,ht
622385003,カンデサルタン錠２ｍｇ「ＮＩＧ」,ht
622385103,カンデサルタン錠４ｍｇ「ＮＩＧ」,ht
622394203,カンデサルタン錠８ｍｇ「ＮＩＧ」,ht
622394303,カンデサルタン錠１２ｍｇ「ＮＩＧ」,ht
622455502,アムバロ配合錠「ＶＴＲＳ」,ht
622494302,カルベジロール錠１．２５ｍｇ「ＶＴＲＳ」,ht
622494403,カルベジロール錠２．５ｍｇ「ＶＴＲＳ」,ht
622512603,ロサルヒド配合錠ＨＤ「ＶＴＲＳ」,ht
622547302,テラムロ配合錠ＡＰ「ＮＩＧ」,ht
622547402,テラムロ配合錠ＢＰ「ＮＩＧ」,ht
622584303,オルメサルタンＯＤ錠５ｍｇ「ＶＴＲＳ」,ht
622584403,オルメサルタンＯＤ錠１０ｍｇ「ＶＴＲＳ」,ht
622584503,オルメサルタンＯＤ錠２０ｍｇ「ＶＴＲＳ」,ht
622584603,オルメサルタンＯＤ錠４０ｍｇ「ＶＴＲＳ」,ht
622632603,イルアミクス配合錠ＨＤ「ＶＴＲＳ」,ht
622632703,イルアミクス配合錠ＬＤ「ＶＴＲＳ」,ht
622890300,プロプラノロール塩酸塩１０ｍｇ錠,ht
622890600,トリクロルメチアジド１ｍｇ錠,ht
622891000,イミダプリル塩酸塩２．５ｍｇ錠,ht
622891100,イミダプリル塩酸塩５ｍｇ錠,ht
622891200,イミダプリル塩酸塩１０ｍｇ錠,ht
622891300,テモカプリル塩酸塩１ｍｇ錠,ht
622891400,テモカプリル塩酸塩２ｍｇ錠,ht
622891500,テモカプリル塩酸塩４ｍｇ錠,ht
622891600,シルニジピン５ｍｇ錠,ht
622891700,シルニジピン１０ｍｇ錠,ht
622891800,シルニジピン２０ｍｇ錠,ht
622891900,バルサルタン２０ｍｇ口腔内崩壊錠,ht
622892000,アゼルニジピン８ｍｇ錠,ht
622892200,アムロジピンベシル酸塩２．５ｍｇ口腔内崩壊錠,ht
622892300,アムロジピンベシル酸塩１０ｍｇ口腔内崩壊錠,ht
622893000,アムロジピンベシル酸塩・アトルバスタチンカルシウム３番錠,ht
622893100,アムロジピンベシル酸塩・アトルバスタチンカルシウム４番錠,ht
622910101,ミネブロＯＤ錠１．２５ｍｇ,ht
622910201,ミネブロＯＤ錠２．５ｍｇ,ht
622910301,ミネブロＯＤ錠５ｍｇ,ht
610406009,アセメール錠１０　１０ｍｇ,ht
610406053,エマベリンＬカプセル５ｍｇ,ht
610406157,セオノマール錠５　５ｍｇ,ht
610406158,セオノマール錠１０　１０ｍｇ,ht
610406167,セレクナート錠２０ｍｇ,ht
610406168,セレクナート錠４０ｍｇ,ht
610407010,ムノバール２．５ｍｇ錠,ht
610407011,ムノバール５ｍｇ錠,ht
610409331,プレラン０．５ｍｇ錠,ht
610409332,プレラン１ｍｇ錠,ht
610412007,アテノロールドライシロップ１０％「ＥＭＥＣ」,ht
610412013,アポプリール錠１２．５　１２．５ｍｇ,ht
610412014,アポプリール錠２５　２５ｍｇ,ht
610412035,カトナプロン錠１２．５ｍｇ,ht
610412036,カトナプロン錠２５ｍｇ,ht
610412039,カプシール錠１２．５ｍｇ,ht
610412040,カプシール錠２５ｍｇ,ht
610412080,シオペルミンＬ錠１０　１０ｍｇ,ht
610412081,シオペルミンＬ錠２０　２０ｍｇ,ht
610412110,ダウプリル錠１２．５　１２．５ｍｇ,ht
610412111,ダウプリル錠２５　２５ｍｇ,ht
610412129,ニトレナール錠１０ｍｇ,ht
610412130,ニトレナール錠５ｍｇ,ht
610412142,バロテイン錠１０　１０ｍｇ,ht
610412143,バロテイン錠５　５ｍｇ,ht
610422063,エレナール錠１０ｍｇ,ht
610422064,エレナール錠５ｍｇ,ht
610422110,コバテンシン錠１０ｍｇ,ht
610422111,コバテンシン錠５ｍｇ,ht
610422121,シェトラゾーナ錠１０ｍｇ,ht
610422163,ダウンテンシン錠１０　１０ｍｇ,ht
610422164,ダウンテンシン錠５　５ｍｇ,ht
610422210,ニトプレス錠１０ｍｇ,ht
610422211,ニトプレス錠５ｍｇ,ht
610422212,ニトレジック錠１０ｍｇ,ht
610422213,ニトレジック錠５ｍｇ,ht
610422230,バロジピン錠１０　１０ｍｇ,ht
610422231,バロジピン錠５　５ｍｇ,ht
610433041,キサラートＬ錠１０ｍｇ,ht
610433042,キサラートＬ錠２０ｍｇ,ht
610433066,セナプリド錠２５ｍｇ,ht
610433067,セプリノック錠１２．５ｍｇ,ht
610433068,セプリノック錠２５ｍｇ,ht
610433069,セボチール錠２５　２５ｍｇ,ht
610444017,アスラーン錠１０ｍｇ,ht
610444062,シンベノン錠５　５ｍｇ,ht
610444073,セプロブロック錠１００　１００ｍｇ,ht
610444074,セプロブロック錠２００　２００ｍｇ,ht
610444079,セルトップ錠１００　１００ｍｇ,ht
610444080,セルトップ錠２００　２００ｍｇ,ht
610444153,ラリルドン錠５ｍｇ,ht
610444161,レニベーゼ錠５　５ｍｇ,ht
610444163,レニメック錠２．５　２．５ｍｇ,ht
610444164,レニメック錠５　５ｍｇ,ht
610444165,レノペント錠２．５　２．５ｍｇ,ht
610444166,レノペント錠５　５ｍｇ,ht
610444167,レビンベース錠５ｍｇ,ht
610444172,ロコプール錠１０　１０ｍｇ,ht
610444178,ロンゲリール錠１０　１０ｍｇ,ht
610453097,ビソテート錠５　５ｍｇ,ht
610453122,メイントーワ錠２．５　２．５ｍｇ,ht
610453123,メイントーワ錠５　５ｍｇ,ht
610453124,メインハーツ錠２．５　２．５ｍｇ,ht
610453125,メインハーツ錠５　５ｍｇ,ht
610453127,メインロール錠５　５ｍｇ,ht
610453148,ルーク錠２．５　２．５ｍｇ,ht
610453149,ルーク錠５　５ｍｇ,ht
610454035,小児用ミケラン細粒０．２％,ht
610461002,アテノロール２５ｍｇ錠,ht
610461003,アテノロール５０ｍｇ錠,ht
610463013,アニスト錠１０　１０ｍｇ,ht
610463014,アニスト錠２０　２０ｍｇ,ht
610463027,アロング錠５ｍｇ,ht
610463028,アロング錠１０ｍｇ,ht
610463137,ニソミナード錠５ｍｇ,ht
610463138,ニノバルシン錠５ｍｇ,ht
610463139,ニノバルシン錠１０ｍｇ,ht
610463141,ニルジラート錠２　２ｍｇ,ht
610463142,ニルジラート錠４　４ｍｇ,ht
610463171,ブテラジン細粒１０％,ht
610463187,ベタキール錠５　５ｍｇ,ht
610463188,ベタキール錠１０　１０ｍｇ,ht
610463211,リオハード錠５ｍｇ,ht
610463212,リオハード錠１０ｍｇ,ht
612120257,ベタメノール錠５　５ｍｇ,ht
612120330,セーブテンス錠５０ｍｇ,ht
612120335,トーワミン錠２５　２５ｍｇ,ht
612120336,トーワミン錠５０　５０ｍｇ,ht
612120346,ミロベクト錠２５　２５ｍｇ,ht
612120348,メゾルミン錠５０ｍｇ,ht
612120356,カテノミン錠５０　５０ｍｇ,ht
612140205,ブテラジン錠３０ｍｇ,ht
612140206,ブテラジン錠６０ｍｇ,ht
612140526,ダウナット錠０．５ｍｇ,ht
612140540,ダウナット錠１ｍｇ,ht
612140552,メデピン錠４０　４０ｍｇ,ht
612140656,セレカル錠１０　１０ｍｇ,ht
612140661,アスクール錠５０　５０ｍｇ,ht
612140662,アスクール錠１００　１００ｍｇ,ht
612140670,シプセロン錠２０　２０ｍｇ,ht
612140671,シプセロン錠４０　４０ｍｇ,ht
612140684,メトプリック錠２０ｍｇ,ht
612140685,メトプリック錠４０ｍｇ,ht
612140693,レスポリート錠５０ｍｇ,ht
612140694,レスポリート錠１００ｍｇ,ht
612170647,アタナールカプセル５　５ｍｇ,ht
612170668,エマベリンＬカプセル１０ｍｇ,ht
612170669,エマベリンＬカプセル１５ｍｇ,ht
612170671,アテネラートＬ錠２０ｍｇ,ht
612170676,カサンミルＳ錠１０　１０ｍｇ,ht
612170677,カサンミルＳ錠２０　２０ｍｇ,ht
612170692,ニフェスロー錠１０ｍｇ,ht
612170693,ニフェスロー錠２０ｍｇ,ht
612170698,ニレーナＬ錠１０ｍｇ,ht
612170699,ニレーナＬ錠２０ｍｇ,ht
612170705,ラミタレートＬ錠１０ｍｇ,ht
612170706,ラミタレートＬ錠２０ｍｇ,ht
612190231,ツルセピン錠２０ｍｇ,ht
612190234,ニカルピン錠２０　２０ｍｇ,ht
612190249,ツルセピン錠１０ｍｇ,ht
620000005,アテノート錠１０　１０ｍｇ,ht
620000006,アテノート錠２０　２０ｍｇ,ht
620000069,タツジピン錠５ｍｇ,ht
620000077,トラントーワ錠１ｍｇ,ht
620000126,プレドリック錠１　１ｍｇ,ht
620000133,ベナゼップ錠５　５ｍｇ,ht
620001881,ニフェジピン２０ｍｇ徐放錠,ht
620001905,オルメテック錠１０ｍｇ,ht
620001906,オルメテック錠２０ｍｇ,ht
620001954,アルフロシン錠１ｍｇ,ht
620001955,アルフロシン錠２ｍｇ,ht
620001964,インヒロック錠１　１ｍｇ,ht
620001990,カオルトーン錠１０　１０ｍｇ,ht
620001991,カオルトーン錠２０　２０ｍｇ,ht
620001999,カズマリン錠１ｍｇ,ht
620002000,カズマリン錠２ｍｇ,ht
620002009,カルネート錠２．５ｍｇ,ht
620002010,カルネート錠５ｍｇ,ht
620002011,カルネート錠１０ｍｇ,ht
620002012,カルバジン錠１０ｍｇ,ht
620002013,カルバジン錠２０ｍｇ,ht
620002014,カルバドゲン錠０．５ｍｇ,ht
620002015,カルバドゲン錠１ｍｇ,ht
620002016,カルバドゲン錠２ｍｇ,ht
620002017,カルバドゲン錠４ｍｇ,ht
620002020,カルメゾシン錠１ｍｇ,ht
620002021,カルメゾシン錠２ｍｇ,ht
620002034,ケフナン錠５ｍｇ,ht
620002035,ケフナン錠１０ｍｇ,ht
620002044,ジムロスト錠１０ｍｇ,ht
620002045,ジムロスト錠２０ｍｇ,ht
620002048,シラザベース錠１ｍｇ,ht
620002059,タツゾシン錠１ｍｇ,ht
620002060,タツゾシン錠２ｍｇ,ht
620002069,ドキサゾン錠１ｍｇ,ht
620002070,ドキサゾン錠２ｍｇ,ht
620002071,ドナシン錠１ｍｇ,ht
620002072,ドナシン錠２ｍｇ,ht
620002079,トーワラートＬ錠２０ｍｇ,ht
620002086,ニフェランタンＣＲ錠２０　２０ｍｇ,ht
620002087,ニフェランタンＣＲ錠４０　４０ｍｇ,ht
620002135,マニジップ錠１０　１０ｍｇ,ht
620002136,マニジップ錠２０　２０ｍｇ,ht
620002137,マニジロット錠１０ｍｇ,ht
620002138,マニジロット錠２０ｍｇ,ht
620002158,ラリルドン錠１０ｍｇ,ht
620002514,コリネールＬ錠２０ｍｇ,ht
620002630,アスラーン錠５ｍｇ,ht
620002706,カルドナン錠１ｍｇ,ht
620002707,カルドナン錠２ｍｇ,ht
620002718,コバスロー錠２ｍｇ,ht
620002719,コバスロー錠４ｍｇ,ht
620002732,シラザベース錠０．５ｍｇ,ht
620002745,タツジピン錠２．５ｍｇ,ht
620002746,タツジピン錠１０ｍｇ,ht
620002762,ニフェランタンＣＲ錠１０　１０ｍｇ,ht
620002819,ペリンシール錠２ｍｇ,ht
620002820,ペリンシール錠４ｍｇ,ht
620003441,セリプロロール塩酸塩２００ｍｇ錠,ht
620003442,ニフェラートカプセル１０ｍｇ,ht
620003512,アロチノン錠１０ｍｇ,ht
620003525,オルメテック錠５ｍｇ,ht
620003529,カサンミル錠１０ｍｇ,ht
620003580,ドキサゾシンＭ錠１「ＥＭＥＣ」　１ｍｇ,ht
620003581,ドキサゾシンＭ錠２「ＥＭＥＣ」　２ｍｇ,ht
620003898,塩酸ベニジピン細粒０．４％「ＭＥＥＫ」,ht
620003951,コニプロス錠４ｍｇ,ht
620003977,タツゾシン錠０．５ｍｇ,ht
620003978,タツゾシン錠４ｍｇ,ht
620004065,ベニトーワ錠２ｍｇ,ht
620004066,ベニトーワ錠４ｍｇ,ht
620004284,シンベノン錠１０　１０ｍｇ,ht
620004286,セーラジール錠５０ｍｇ,ht
620004437,アタナールカプセル１０　１０ｍｇ,ht
620004453,インデラルＬＡカプセル６０ｍｇ,ht
620004490,コポネント錠２０ｍｇ,ht
620004593,ミケラン細粒１％,ht
620004844,メチニン錠５０ｍｇ,ht
620004907,アニスタジン錠２ｍｇ,ht
620004929,イスハート錠５ｍｇ,ht
620004938,エスカロン錠２５ｍｇ,ht
620004966,カルテロール錠５ｍｇ,ht
620004967,カルノノン錠５ｍｇ,ht
620005019,ゼグミューラー錠４０ｍｇ,ht
620005031,ソラシロール錠１０ｍｇ,ht
620005049,トリクロルメチアジド錠２ｍｇ「ＹＤ」,ht
620005050,トリスメン錠２ｍｇ,ht
620005429,コニプロス錠２ｍｇ,ht
620005430,コニプロス錠８ｍｇ,ht
620005927,ウルソトラン錠２ｍｇ,ht
620005953,クバクロン錠２ｍｇ,ht
620005972,サワタールＬＡカプセル６０ｍｇ,ht
620006050,トリクロルメチアジド錠２ｍｇ「ＣＨ」,ht
620006106,フルトリア錠２ｍｇ,ht
620006556,アポプリール細粒５％,ht
620006586,テノミロール錠５０ｍｇ,ht
620006602,リスモリース錠５０ｍｇ,ht
620006747,ニカルジピン塩酸塩１０％散,ht
620006819,アテネラート細粒１％,ht
620006820,アテネラート錠１０ｍｇ,ht
620006844,イセジピール錠２０ｍｇ,ht
620007003,トリクロルメチアジド錠２ｍｇ「タイヨー」,ht
620008031,トラントーワ錠０．５ｍｇ,ht
620008059,プレドリック錠０．５　０．５ｍｇ,ht
620008069,ベニトーワ錠８ｍｇ,ht
620008281,アテネミール錠５０ｍｇ,ht
620008282,アテノリズム錠５０ｍｇ,ht
620008516,レニメック錠１０　１０ｍｇ,ht
620008517,レノペント錠１０　１０ｍｇ,ht
620008582,アドビオール錠５ｍｇ,ht
620008611,クロポリジン錠２ｍｇ,ht
620008670,ニュートライド錠２５ｍｇ,ht
620008677,バイカロン錠２５ｍｇ,ht
620008697,ピチオロール錠５ｍｇ,ht
620008701,ビリンガル錠５ｍｇ,ht
620008715,ベハイド錠４ｍｇ,ht
620008755,メルカトア錠５ｍｇ,ht
620009400,トリクロルメチアジド錠１ｍｇ「ＮＰ」,ht
620009401,トリクロルメチアジド錠２ｍｇ「ＮＰ」,ht
620009609,メゾルミン錠２５ｍｇ,ht
620009610,メチニン錠２５ｍｇ,ht
620250701,スカジロールカプセル２５ｍｇ,ht
620251101,スカジロールカプセル５０ｍｇ,ht
620252201,チスタロール錠５ｍｇ,ht
620252701,アイデイトロール錠１０ｍｇ,ht
620252707,プロプラノロール塩酸塩錠１０ｍｇ「トーワ」,ht
620252712,プロプラノロール塩酸塩錠１０ｍｇ「ツルハラ」,ht
620252713,プロプラノロール塩酸塩錠１０ｍｇ「日医工」,ht
620253701,レットリット錠５ｍｇ,ht
620254413,セーラジール錠２５ｍｇ,ht
620254416,カテノミン錠２５　２５ｍｇ,ht
620254418,テノミロール錠２５ｍｇ,ht
620254420,アテネミール錠２５ｍｇ,ht
620254421,アテノリズム錠２５ｍｇ,ht
620254422,リスモリース錠２５ｍｇ,ht
620255401,アロチノイル錠１０ｍｇ,ht
620256101,メインテート錠２．５ｍｇ,ht
620256201,メインテート錠５ｍｇ,ht
620262802,トリクロルメチアジド錠２ｍｇ「日医工」,ht
620263001,トリクロルメチアジド錠２ｍｇ「イセイ」,ht
620263201,トリクロルメチアジド錠２ｍｇ「ＳＮ」,ht
620263401,トリクロルメチアジド錠２ｍｇ「ツルハラ」,ht
620263901,トリクロルメチアジド錠２ｍｇ「ＴＣＫ」,ht
620264101,トリクロルメチアジド錠２ｍｇ「トーワ」,ht
620268501,メフルシド錠２５ｍｇ「日医工」,ht
621573401,メインロール錠２．５　２．５ｍｇ,ht
621938301,カオルトーン錠５　５ｍｇ,ht
621941501,マニジロット錠５ｍｇ,ht
621945601,ジムロスト錠５ｍｇ,ht
621960401,カルバジン錠５ｍｇ,ht
621963901,ニカルピン錠１０　１０ｍｇ,ht
621965001,マニジップ錠５ｍｇ,ht
621965401,メデピン錠２０　２０ｍｇ,ht
621966001,ロコプール錠５　５ｍｇ,ht
621966101,ロコプール錠２０　２０ｍｇ,ht
621966201,ロンゲリール錠５ｍｇ,ht
621966301,ロンゲリール錠２０ｍｇ,ht
621974401,セーブテンス錠２５ｍｇ,ht
621977100,セリプロロール塩酸塩１００ｍｇ錠,ht
621978501,シラザベース錠０．２５ｍｇ,ht
621982301,オルメテック錠４０ｍｇ,ht
621991701,インヒロック錠０．２５　０．２５ｍｇ,ht
621992501,セボチール錠１２．５　１２．５ｍｇ,ht
621992601,セボチール錠５０　５０ｍｇ,ht
622025401,レビンベース錠２．５ｍｇ,ht
622025501,レビンベース錠１０ｍｇ,ht
622029401,ニフェラートカプセル５ｍｇ,ht
622047001,アスラーン錠２０ｍｇ,ht
622052101,アセメール錠５　５ｍｇ,ht
622052401,インヒロック錠０．５　０．５ｍｇ,ht
622054201,カルメゾシン錠０．５ｍｇ,ht
622055501,アロチノン錠５ｍｇ,ht
622057901,カサンミルカプセル５ｍｇ,ht
622060701,カルメゾシン錠４ｍｇ,ht
622062801,アロチノイル錠５ｍｇ,ht
622063901,カズマリン錠０．５ｍｇ,ht
622064001,カズマリン錠４ｍｇ,ht
622064201,コポネント錠１０ｍｇ,ht
622064301,シェトラゾーナ錠５ｍｇ,ht
622064401,シンベノン錠２．５ｍｇ,ht
622064501,セナプリド錠１２．５ｍｇ,ht
622064601,セナプリド錠５０ｍｇ,ht
622064801,ビソテート錠２．５ｍｇ,ht
622068002,メインテート錠０．６２５ｍｇ,ht
622077701,アテネラートＬ錠１０ｍｇ,ht
622080301,アテネラートソフトカプセル５ｍｇ,ht
622096301,セプリノック錠５０ｍｇ,ht
622098601,カルドナン錠０．５ｍｇ,ht
622098701,カルドナン錠４ｍｇ,ht
622100201,ベナゼップ錠１０　１０ｍｇ,ht
622100301,ベナゼップ錠２．５　２．５ｍｇ,ht
622110101,ドナシン錠０．５ｍｇ,ht
622110201,ドナシン錠４ｍｇ,ht
622117001,ニソミナード錠１０ｍｇ,ht
622117101,ゼグミューラー錠２０ｍｇ,ht
622123501,イセジピール錠１０ｍｇ,ht
622125301,アルフロシン錠０．５ｍｇ,ht
622125401,アルフロシン錠４ｍｇ,ht
622128401,ドキサゾン錠０．５ｍｇ,ht
622128501,ドキサゾン錠４ｍｇ,ht
622142401,フルトリア錠１ｍｇ,ht
622142402,トリクロルメチアジド錠１ｍｇ「トーワ」,ht
622142501,ニュートライド錠１２．５ｍｇ,ht
622280101,ヒドロクロロチアジドＯＤ錠１２．５ｍｇ「トーワ」,ht
622309900,アラセプリル２５ｍｇ錠,ht
622310000,アラセプリル５０ｍｇ錠,ht
622310500,アロチノロール塩酸塩５ｍｇ錠,ht
622310600,アロチノロール塩酸塩１０ｍｇ錠,ht
622312500,カルテオロール塩酸塩５ｍｇ錠,ht
622319700,ニカルジピン塩酸塩２０ｍｇ錠,ht
622319800,ニカルジピン塩酸塩４０ｍｇ徐放カプセル,ht
622320100,ニソルジピン５ｍｇ錠,ht
622320200,ニソルジピン１０ｍｇ錠,ht
622320400,ニフェジピン１％細粒,ht
622320500,ニフェジピン１０ｍｇカプセル,ht
622320600,ニフェジピン１０ｍｇ錠,ht
622320700,ニフェジピン１０ｍｇ徐放錠,ht
622321100,ピンドロール５ｍｇ錠,ht
622321800,プラゾシン塩酸塩１ｍｇ錠,ht
622322800,プロプラノロール塩酸塩１０ｍｇ錠,ht
622323300,ベナゼプリル塩酸塩２．５ｍｇ錠,ht
622323400,ベナゼプリル塩酸塩５ｍｇ錠,ht
622324500,メトプロロール酒石酸塩４０ｍｇ錠,ht
622324800,ラベタロール塩酸塩１００ｍｇ錠,ht
622383401,トリクロルメチアジド錠２ｍｇ「ＪＧ」,ht
622670101,ミネブロ錠１．２５ｍｇ,ht
622670201,ミネブロ錠２．５ｍｇ,ht
622670301,ミネブロ錠５ｍｇ,ht
622689500,イルベサルタン１００ｍｇ錠,ht
622689600,イルベサルタン２００ｍｇ錠,ht
622690100,オルメサルタンメドキソミル５ｍｇ錠,ht
622690200,オルメサルタンメドキソミル５ｍｇ口腔内崩壊錠,ht
622690300,オルメサルタンメドキソミル１０ｍｇ錠,ht
622690400,オルメサルタンメドキソミル１０ｍｇ口腔内崩壊錠,ht
622690500,オルメサルタンメドキソミル２０ｍｇ錠,ht
622690600,オルメサルタンメドキソミル２０ｍｇ口腔内崩壊錠,ht
622690700,オルメサルタンメドキソミル４０ｍｇ錠,ht
622690800,オルメサルタンメドキソミル４０ｍｇ口腔内崩壊錠,ht
622718800,カルテオロール塩酸塩５ｍｇ錠,ht
622718900,ピンドロール５ｍｇ錠,ht
622719000,アロチノロール塩酸塩５ｍｇ錠,ht
622719100,アロチノロール塩酸塩１０ｍｇ錠,ht
622721800,アラセプリル１２．５ｍｇ錠,ht
622721900,アラセプリル２５ｍｇ錠,ht
622722000,アラセプリル５０ｍｇ錠,ht
622722100,シラザプリル０．２５ｍｇ錠,ht
622722200,シラザプリル０．５ｍｇ錠,ht
622722300,シラザプリル１ｍｇ錠,ht
622722600,ベナゼプリル塩酸塩２．５ｍｇ錠,ht
622722700,ベナゼプリル塩酸塩５ｍｇ錠,ht
622722800,ベナゼプリル塩酸塩１０ｍｇ錠,ht
622723100,ペリンドプリルエルブミン２ｍｇ錠,ht
622723200,ペリンドプリルエルブミン４ｍｇ錠,ht
622723300,ラベタロール塩酸塩５０ｍｇ錠,ht
622723400,ラベタロール塩酸塩１００ｍｇ錠,ht
622723500,メトプロロール酒石酸塩２０ｍｇ錠,ht
622723600,メトプロロール酒石酸塩４０ｍｇ錠,ht
622723700,ニカルジピン塩酸塩１０％散,ht
622723800,ニカルジピン塩酸塩１０ｍｇ錠,ht
622723900,ニカルジピン塩酸塩２０ｍｇ錠,ht
622724000,ニカルジピン塩酸塩２０ｍｇ徐放カプセル,ht
622724100,ニカルジピン塩酸塩４０ｍｇ徐放カプセル,ht
622724200,ニルバジピン２ｍｇ錠,ht
622724300,ニルバジピン４ｍｇ錠,ht
622724600,マニジピン塩酸塩５ｍｇ錠,ht
622724700,マニジピン塩酸塩１０ｍｇ錠,ht
622724800,マニジピン塩酸塩２０ｍｇ錠,ht
622724900,セリプロロール塩酸塩１００ｍｇ錠,ht
622725000,セリプロロール塩酸塩２００ｍｇ錠,ht
622725500,フェロジピン２．５ｍｇ錠,ht
622725600,フェロジピン５ｍｇ錠,ht
622725700,イルベサルタン５０ｍｇ錠,ht
622727100,ニフェジピン１０ｍｇ錠,ht
622727200,ニフェジピン１０ｍｇ徐放Ｌ錠,ht
622727300,ニフェジピン２０ｍｇ徐放Ｌ錠,ht
622727400,ニフェジピン１０ｍｇ徐放ＣＲ錠,ht
622727500,ニフェジピン２０ｍｇ徐放ＣＲ錠,ht
622727600,ニフェジピン４０ｍｇ徐放ＣＲ錠,ht
622727700,ニフェジピン５ｍｇカプセル,ht
622727800,ニフェジピン１０ｍｇカプセル,ht
622728100,ニソルジピン１０ｍｇ錠,ht
622820901,エンレスト錠５０ｍｇ,ht
622821001,エンレスト錠１００ｍｇ,ht
622821101,エンレスト錠２００ｍｇ,ht
622846200,イルベサルタン５０ｍｇ口腔内崩壊錠,ht
620290113,メトプロロール酒石酸塩錠２０ｍｇ「ＮＩＧ」,ht
621366722,メトプロロール酒石酸塩錠４０ｍｇ「ＮＩＧ」,ht
621899702,テモカプリル塩酸塩錠１ｍｇ「フェルゼン」,ht
621899802,テモカプリル塩酸塩錠２ｍｇ「フェルゼン」,ht
621899902,テモカプリル塩酸塩錠４ｍｇ「フェルゼン」,ht
622458403,アムバロ配合錠「ＮＩＧ」,ht
622495803,バルヒディオ配合錠ＭＤ「ＮＩＧ」,ht
622495903,バルヒディオ配合錠ＥＸ「ＮＩＧ」,ht
622547502,テルチア配合錠ＡＰ「ＮＩＧ」,ht
622547702,テルチア配合錠ＢＰ「ＮＩＧ」,ht
622562803,テルミサルタン錠２０ｍｇ「ＶＴＲＳ」,ht
622562903,テルミサルタン錠４０ｍｇ「ＶＴＲＳ」,ht
622563003,テルミサルタン錠８０ｍｇ「ＶＴＲＳ」,ht
622632302,イルアミクス配合錠ＬＤ「ＮＩＧ」,ht
622632402,イルアミクス配合錠ＨＤ「ＮＩＧ」,ht
